country,iso3,year,cocoa_export_share,cocoa_exports_usd,cocoa_price_shock_logdiff,cocoa_price_shock_std,cocoa_price_usd_kg,cpi_inflation_wdi,cpi_inflation_weo,current_account_gdp_weo,exposure_i_baseline_first5,exposure_i_fullsample,exrate_lcu_per_usd_wdi,fiscal_balance_gdp_weo,gdp_current_usd_wdi,gdp_current_usd_weo,gdp_deflator_inflation_wdi,gdp_growth_weo,gdp_percapita_usd_wdi,gov_debt_gdp_weo,gov_expenditure_gdp_weo,ir_deposit_rate,ir_discount_rate,ir_govbond_rate,ir_lending_rate,ir_moneymarket_rate,ir_policy_rate,ir_repo_rate,ir_savings_rate,ir_tbill_rate,money_growth_m2_wdi,national_savings_gdp_weo,neer_index_2010_100,negative_shock,negative_shock_x_exposure,oil_price_usd_bbl,positive_shock,positive_shock_x_exposure,reer_index_2010_100,shock_it_baseline,shock_it_fullsample,terms_of_trade_2015_100_wdi,total_exports_usd,total_imports_usd,total_reserves_usd_wdi,trade_openness_wdi,trade_openness_weo,unemployment_rate_weo,cpi_level_2010_100,cpi_us_2010_100,reserve_flow_usd_millions_bop,rer_bilateral_usd_2010_100,ir_deposit_rate_interp,ir_deposit_rate_was_interpolated,reer_growth,rer_bilateral_growth,positive_shock_x_exposure_full,negative_shock_x_exposure_full,std_shock_it_baseline,std_shock_it_fullsample,positive_std_shock,negative_std_shock,positive_std_shock_x_exposure,negative_std_shock_x_exposure,shock_it_baseline_lag1,shock_it_baseline_lag2,leaveout_growth,civ_ghana_share,instrument_it,cpi_level,cpi_inflation_logdiff,fixed_price_regime,shock_x_fixedprice,ecuador_crisis_dummy,civ_crisis_dummy,shock_x_civ_crisis
Cameroon,CMR,1991,,,-0.0595978644311211,-0.775070464125905,1.1941666666666666,0.0600513305003454,-0.602,-2.056,0.090582839476364,0.1532482325844842,282.10690880882,,11840192296.38931,16.325,3.568713529573614,-3.764,1014.8289729299892,,,7.5,,,,,,,,,1.47867114842476,12.358,133.182501660048,-0.0595978644311211,-0.0053985437868983,19.39166666666667,0.0,0.0,149.1086504459608,-0.0053985437868983,-0.009133267389879,,,,53628537.06972551,,,,46.9781390695069,62.4573407534626,,131.92383038671127,7.5,False,,,0.0,-0.009133267389879,-0.0702080834347878,-0.1187781787557308,0.0,-0.775070464125905,0.0,-0.0702080834347878,,,0.0571476463138012,0.3990981883908845,0.005176596072495,46.98,0.0638773576494777,0,-0.0,0,0,-0.0
Cameroon,CMR,1992,,,-0.0828962751108572,-0.9716642309346012,1.0991666666666666,-0.0160550458717418,1.886,-2.445,0.090582839476364,0.1532482325844842,264.691800750579,,12071775335.04334,14.963,-1.2776710293542664,-3.05,1005.4489764746496,,,7.5,,,,,,,,,-16.7204650840889,11.324,151.7180996678028,-0.0828962751108572,-0.0075089799815552,19.025,0.0,0.0,150.0079452061754,-0.0075089799815552,-0.012703707648576,,,,30352645.08232428,,,,46.9705967077296,64.3490609806525,,136.4482687912262,7.5,False,0.0060130229007233,0.033720846069924,0.0,-0.012703707648576,-0.0880161050556736,-0.1489058260562897,0.0,-0.9716642309346012,0.0,-0.0880161050556736,-0.0053985437868983,,0.0237729730844122,0.4202906129962634,0.0021534234047812,46.97,-0.0212879191863191,0,-0.0,0,0,-0.0
Cameroon,CMR,1993,,,0.0172871648143125,-0.8892070320380963,1.1183333333333334,-3.20655456915868,-3.72,-3.281,0.090582839476364,0.1532482325844842,283.162579500018,,16181814712.529512,15.611,55.7553793703876,-3.158,1309.936299755059,,,7.75,,,,,,,,,-9.22840906635552,12.383,168.2041129321411,0.0,0.0,16.849999999999998,0.0172871648143125,0.0015659204753763,139.5247373823149,0.0015659204753763,0.00264922745419,,,,14152080.79633736,,,,45.4644588928368,66.2484245218916,,119.91824577995348,7.75,False,-0.0724463462886761,-0.1291353341434744,0.00264922745419,0.0,-0.0805468978443609,-0.136269406061533,0.0,-0.8892070320380963,0.0,-0.0805468978443609,-0.0075089799815552,-0.0053985437868983,0.0391319842297512,0.396084802070798,0.0035446862458751,45.46,-3.267628161450631,0,0.0,0,0,0.0
Cameroon,CMR,1994,,,0.222248963510401,1.4950211144350354,1.3966666666666665,35.09446184594641,14.88,-0.528,0.090582839476364,0.1532482325844842,555.204695655697,,8902446252.183718,10.622,5.882472347036028,-2.495,700.7095018500903,,,8.08333333333333,,,,,,,,,26.5409334773772,16.469,94.48317744350967,0.0,0.0,15.891666666666666,0.222248963510401,0.0201319421854509,90.26204307995523,0.0201319421854509,0.0340592608517024,,,,13740919.6525948,,,,61.4199660724494,67.9758134970225,,80.52424893926438,8.08333333333333,False,-0.4355248848063597,-0.3982518573114539,0.0340592608517024,0.0,0.1354232576226436,0.229109343463655,1.4950211144350354,0.0,0.1354232576226436,0.0,0.0015659204753763,-0.0075089799815552,-0.0246540126823049,0.4105678170613156,-0.0022332304732494,61.42,30.09026965882793,0,0.0,0,0,0.0
Cameroon,CMR,1995,0.1048160833877647,161282416.0,0.0259142887654703,1.180041698704018,1.4333333333333331,9.06969071921509,25.805,0.892,0.090582839476364,0.1532482325844842,499.14842590131,,10864772470.904276,10.075,6.634514037108843,3.304,832.0066744876888,,,5.5,8.6,,,,,,,,-6.15458747058943,18.231,99.87521170201316,0.0,0.0,17.175,0.0259142887654703,0.0023473898593867,96.98962752252775,0.0023473898593867,0.0039713189519922,,1538718208.0,1078532608.0,15372103.25880212,0.2408932927964175,259776755.9305211,,66.9905670350674,69.8828203523109,,95.0250657346334,5.5,False,0.0718870103885906,0.1655823385132011,0.0039713189519922,0.0,0.1068915277691219,0.1808393047023831,1.180041698704018,0.0,0.1068915277691219,0.0,0.0201319421854509,0.0015659204753763,-0.0742450772516676,0.5103884940970569,-0.006725329914598,66.99,8.680783950749937,0,0.0,0,0,0.0
Cameroon,CMR,1996,0.1041468942305675,183076496.0,0.0161479864079822,0.8815264538792391,1.4566666666666668,3.924063727497982,3.921,-2.553,0.090582839476364,0.1532482325844842,511.552430272516,,11093538846.448252,11.227,0.410559080515867,4.912,826.9653223273632,,,5.375,7.75,,,,,,,,-10.1012265918325,16.67,100.6321178808487,0.0,0.0,20.425,0.0161479864079822,0.0014627304606607,98.01369579735976,0.0014627304606607,0.0024746503768215,,1757868032.0,1204333696.0,13833208.90589145,0.2670204493806221,263846239.244678,,69.6193195769357,71.9312285175105,,93.61529263952156,5.375,False,0.0105031819120871,-0.0149469535976543,0.0024746503768215,0.0,0.0798511692659115,0.1350923710334612,0.8815264538792391,0.0,0.0798511692659115,0.0,0.0023473898593867,0.0201319421854509,0.0898974209114555,0.5060119144911213,0.0081431636477615,69.62,3.850852786311698,0,0.0,0,0,0.0
Cameroon,CMR,1997,0.1037968216242398,192990304.0,0.1057608931619591,1.181717783132627,1.6191666666666666,4.786238818603755,4.783,-5.129,0.090582839476364,0.1532482325844842,583.669372353396,,10789458432.641554,11.352,6.163811054507789,5.314,783.2516019454619,,,5.04166666666667,7.5,,,,,,,,18.5776472727148,15.776,96.96852743407892,0.0,0.0,19.166666666666668,0.1057608931619591,0.0095801220081666,97.01922106339642,0.0095801220081666,0.0162076699536267,,1859308416.0,1496454528.0,9555390.853711428,0.3110223710439206,295609843.55179703,,72.9514664757748,73.6127576083459,,84.01149044230674,5.04166666666667,False,-0.0101981077743467,-0.1082401725707624,0.0162076699536266,0.0,0.1070433522558674,0.1810961616787298,1.181717783132627,0.0,0.1070433522558674,0.0,0.0014627304606607,0.0023473898593867,-0.0150484099710244,0.4778125096326485,-0.0013631277047798,72.95,4.6722392585501815,0,0.0,0,0,0.0
Cameroon,CMR,1998,,,0.0343989403952119,1.2938843190083755,1.6758333333333333,3.170751853869066,3.177,-1.33,0.090582839476364,0.1532482325844842,589.951774567332,,11298144990.410444,11.338,1.065869878260301,4.895,798.7456214066766,67.759,,5.0,7.0,,,,,,,,7.77365378940852,16.27,98.48904575337733,0.0,0.0,13.066666666666668,0.0343989403952119,0.0031159536959764,100.4197269020695,0.0031159536959764,0.0052715768183452,,,1495135419.0,9911701.412819115,,,,75.2645764514801,74.755433058709,,84.44151241372816,5.0,False,0.0344495568797338,0.0051055534568549,0.0052715768183452,0.0,0.1172037155697202,0.1982854850568124,1.2938843190083755,0.0,0.1172037155697202,0.0,0.0095801220081666,0.0014627304606607,0.0715628216471024,0.4876042746482255,0.0064823635857351,75.26,3.117451019649664,0,0.0,0,0,0.0
Cameroon,CMR,1999,,,-0.3896779030631943,-1.558798518646719,1.135,1.871745006720085,1.832,-4.411,0.090582839476364,0.1532482325844842,615.473349319164,,11565826464.892147,11.553,2.187788500651749,4.062,796.2626497845905,68.37,,5.0,7.3,,,,,,,,13.2968993049171,12.216,96.72155883411509,-0.3896779030631943,-0.0352981309406594,18.091666666666665,0.0,0.0,99.36363076935416,-0.0352981309406594,-0.0597174499216624,,,1315739392.0,13121977.87723971,,,,76.6733374030397,76.391102265249,,80.68949424931161,5.0,False,-0.0105725119686317,-0.0454507499078316,0.0,-0.0597174499216624,-0.1412003959905697,-0.2388831179379218,0.0,-1.558798518646719,0.0,-0.1412003959905697,0.0031159536959764,0.0095801220081666,-0.2053324825201947,0.5368022025081163,-0.0185995993034101,76.67,1.856171240551152,0,-0.0,0,0,-0.0
Cameroon,CMR,2000,0.0571204084217679,104109011.0,-0.2246130592935695,-1.3747722248362335,0.9066666666666668,1.227190129761323,1.245,-2.132,0.090582839476364,0.1532482325844842,710.207977031367,2.059,10566579294.983051,10.245,1.531562958679643,3.832,708.5657316259653,75.881,14.413,5.0,7.0,,,,,,,,19.1337001652521,15.319,91.89957433124042,-0.2246130592935695,-0.0203460886942844,28.23333333333333,0.0,0.0,93.67133688135108,-0.0203460886942844,-0.0344215543521334,,1822623715.0,1483629578.0,220219413.0432933,0.3128972206331513,322718720.6442167,,77.6142650318084,78.9707207568715,,68.47224326462607,5.0,False,-0.0589939197111446,-0.1641799286835157,0.0,-0.0344215543521334,-0.1245307717589043,-0.2106814136623919,0.0,-1.3747722248362335,0.0,-0.1245307717589043,-0.0352981309406594,0.0031159536959764,0.0851699534866394,0.5504658633469912,0.0077149362248896,77.61,1.2185787295244666,0,-0.0,0,0,-0.0
Cameroon,CMR,2001,0.0830339897174799,144891554.0,0.163299874480846,-0.6175967524869918,1.0675,4.419772458811458,4.45,-3.175,0.090582839476364,0.1532482325844842,732.397693260228,1.195,10953485349.113462,10.95,2.4693589147144763,4.324,715.4702964705854,62.182,14.385,5.0,6.5,,,,,,,,1.37478435096477,15.263,92.89683824059792,0.0,0.0,24.34166666666667,0.163299874480846,0.0147921663166088,96.83013660290192,0.0147921663166088,0.0250254171454577,,1744966784.0,1848351263.0,340115355.1204118,0.3280524812397572,328156899.26940644,,81.0446389417932,81.2025684592531,,67.42674774662966,5.0,False,0.0331660350063121,-0.0153866652996343,0.0250254171454577,0.0,-0.0559436674916528,-0.0946456107685486,0.0,-0.6175967524869918,0.0,-0.0559436674916528,-0.0203460886942844,-0.0352981309406594,0.0766707334444198,0.4971579782978531,0.0069450527401309,81.04,4.324657507438001,0,0.0,0,0,0.0
Cameroon,CMR,2002,0.1314410967504959,237811617.0,0.5098884165746165,1.1961792687208084,1.7775,2.834422601280668,2.817,-3.552,0.090582839476364,0.1532482325844842,693.713226496374,1.587,12417251350.488165,12.369,2.774492849538973,4.477,789.6238110725543,56.6,14.05,5.0,6.3,,,,,,,,21.1735822369744,15.983,95.33153465404884,0.0,0.0,24.933333333333334,0.5098884165746165,0.0461871405894359,100.3170891200278,0.0461871405894359,0.0781394986553612,,1809263791.0,1868039098.0,639930327.3231767,0.2961446768857934,297299934.4328563,,83.3417865050857,82.490466876552,,72.06157068153807,5.0,False,0.0353777861427211,0.0664791119057168,0.0781394986553612,0.0,0.1083533146834914,0.1833123587856646,1.1961792687208084,0.0,0.1083533146834914,0.0,0.0147921663166088,-0.0203460886942844,0.043814842279044,0.4867141797683448,0.0039688728248448,83.34,2.7985766053880035,0,0.0,0,0,0.0
Cameroon,CMR,2003,0.1074139715375376,245178857.0,-0.0151160176263501,1.039447246619466,1.7508333333333332,0.6231635573743164,0.63,-3.75,0.090582839476364,0.1532482325844842,579.897426172466,3.507,15970315034.990343,15.944,1.9529144491334165,5.453,988.2412767918462,51.521,10.633,5.0,6.0,,,,,,,,1.94742014185132,16.577,99.83924141546568,-0.0151160176263501,-0.0013692517981695,28.916666666666668,0.0,0.0,103.5430147031178,-0.0013692517981695,-0.002316502984954,,2282560206.0,2163400366.0,652135227.5692213,0.2783890337954556,278848505.5193176,,83.8611421466501,84.3630788186188,,84.81678877247757,5.0,False,0.031651066848604,0.1629726020700488,0.0,-0.002316502984954,0.0941560830846796,0.1592934534092416,1.039447246619466,0.0,0.0941560830846796,0.0,0.0461871405894359,0.0147921663166088,0.0922984513720468,0.4989132948326338,0.0083606558045511,83.86,0.6220115748308608,0,-0.0,0,0,-0.0
Cameroon,CMR,2004,0.1082205161408171,268036516.0,-0.1218369341377534,0.3483493414015277,1.55,0.2336473800675835,0.25,-2.213,0.090582839476364,0.1532482325844842,527.338032291576,2.066,18826214135.641937,18.803,0.139487834807241,7.049,1133.3932674967289,51.728,10.714,5.0,6.0,,,,,,,,7.45071603479653,20.345,101.2788407102677,-0.1218369341377534,-0.0110363354472924,37.73333333333333,0.0,0.0,102.8928278188592,-0.0110363354472924,-0.0186712948201229,,2476762499.0,2406302522.0,842430190.0352345,0.2593758355141272,259696060.25634205,,84.0570815081705,86.6216781201727,,91.05069695091436,5.0,False,-0.0062991874497413,0.0709229567299933,0.0,-0.0186712948201229,0.0315544724738717,0.0533839208917532,0.3483493414015277,0.0,0.0315544724738717,0.0,-0.0013692517981695,0.0461871405894359,0.0364603401082863,0.5268656094428527,0.0033026811352825,84.06,0.2382087834354784,0,-0.0,0,0,-0.0
Cameroon,CMR,2005,0.086763020510532,247157901.0,-0.0075553516444496,0.0052691144906505,1.538333333333333,2.013539501759865,1.993,-2.537,0.090582839476364,0.1532482325844842,527.258362649626,3.432,19509852206.93408,19.534,1.3571419590405327,2.228,1142.624662521058,43.843,11.424,4.91666666666667,5.5,,,,,,,,5.65414369458343,15.775,100.3626375584908,-0.0075553516444496,-0.0006843852051966,53.38333333333333,0.0,0.0,99.82613042522892,-0.0006843852051966,-0.0011578442860661,105.6,2848654871.0,2800069293.0,964745492.908923,0.289531878770069,289173961.5030204,,85.749604048364,89.5605323721102,,89.8497007501471,4.91666666666667,False,-0.0302579629592374,-0.0132781780650148,0.0,-0.0011578442860661,0.0004772913520891,0.0008074824829774,0.0052691144906505,0.0,0.0004772913520891,0.0,-0.0110363354472924,-0.0013692517981695,0.0466713052969325,0.5010871027979699,0.0042276193558644,85.75,1.990525646907848,0,-0.0,0,0,-0.0
Cameroon,CMR,2006,0.0735663453011942,263104148.0,0.0351286785485493,-0.4277234890696032,1.5933333333333335,5.117578160194693,4.906,0.925,0.090582839476364,0.1532482325844842,522.425624895176,6.336,20910512974.93304,20.912,2.299674977861628,3.81,1191.4545899096834,18.354,12.015,4.33333333333333,5.25,,,,,,,,8.12791258010797,19.013,100.1463237905357,0.0,0.0,64.29166666666667,0.0351286785485493,0.00318205544998,101.4675042568023,0.00318205544998,0.0053834079005936,108.1,3576419991.0,3149361250.0,1735263262.189962,0.3216459227500868,321623050.927697,,90.1379070575965,92.4497050827274,,92.34260537144766,4.33333333333333,False,0.0163086151612805,0.0273673489881733,0.0053834079005936,0.0,-0.0387444081506622,-0.0655478687347856,0.0,-0.4277234890696032,0.0,-0.0387444081506622,-0.0006843852051966,-0.0110363354472924,0.0668722669268504,0.4983471213725363,0.0060574798204554,90.14,4.992793121645267,0,0.0,0,0,0.0
Cameroon,CMR,2007,0.0631545593911866,267151031.0,0.2032823448964489,1.566573075667569,1.9525,0.9214022456500954,1.125,1.195,0.090582839476364,0.1532482325844842,478.633718476363,3.66,23928250433.03781,23.931,0.4907080347059462,4.328,1325.672482159333,13.804,13.536,4.25,5.25,,,,,,,,14.8718532523588,19.659,102.9006534769578,0.0,0.0,71.125,0.2032823448964489,0.0184138920161339,102.1000269408699,0.0184138920161339,0.0311526600710103,109.9,4230114715.0,3265622486.0,2931745509.798952,0.3132588912831927,313222899.2102294,,90.9684397574072,95.0869923788515,,98.8987949124355,4.25,False,0.0062143969222079,0.068591421981865,0.0311526600710103,0.0,0.1419046374411892,0.2400745550604943,1.566573075667569,0.0,0.1419046374411892,0.0,0.00318205544998,-0.0006843852051966,-0.0487167385062576,0.4730573659334207,-0.0044129005039243,90.97,0.9165764571468672,0,0.0,0,0,0.0
Cameroon,CMR,2008,0.2136758461384005,454430322.0,0.2773859711995169,1.6514400008754295,2.5766666666666667,5.337806276274985,5.338,-1.629,0.090582839476364,0.1532482325844842,446.000041432788,1.944,27715142032.912952,27.712,4.9405368116780295,2.848,1492.142698014529,11.153,15.935,3.75,4.75,,,,,,,,13.9513041127979,18.742,105.3107428847652,0.0,0.0,96.99166666666667,0.2773859711995169,0.0251264089021611,105.0060115870942,0.0251264089021611,0.0425089098300566,112.5,2126727612.0,4137863424.0,3112861315.146424,0.2260349605482996,226060588.77020785,,95.8241588442075,98.7374773853445,,107.66703268512268,3.75,False,0.0280646126909749,0.0849463804562127,0.0425089098300566,0.0,0.1495921245041454,0.2530802613534786,1.6514400008754295,0.0,0.1495921245041454,0.0,0.0184138920161339,0.00318205544998,0.0696786420191273,0.483645039456313,0.0063116892449496,95.82,5.194164962100523,0,0.0,0,0,0.0
Cameroon,CMR,2009,0.3576530708951732,619601121.0,0.1144715359777107,1.297066385192554,2.8891666666666667,3.043618479399991,3.04,-4.025,0.090582839476364,0.1532482325844842,470.293423341398,-0.05,27932970317.129013,27.903,3.6035151841818873,2.579,1461.3899923233655,11.256,14.714,3.25,4.25,,,,,,,,8.23152231277215,15.645,104.946827573076,0.0,0.0,61.75833333333333,0.1144715359777107,0.0103691567680818,106.4690892828109,0.0103691567680818,0.0175425605698153,107.1,1732408223.0,3788598514.0,3675521655.972733,0.1976519745060702,197864270.4010321,,98.7406806505194,98.3864199710624,,105.58852128962695,3.25,False,0.0138370998162749,-0.0194937686459297,0.0175425605698153,0.0,0.1174919561600848,0.1987731310755046,1.297066385192554,0.0,0.1174919561600848,0.0,0.0251264089021611,0.0184138920161339,0.0334383288553787,0.4591740859156752,0.0030289387750646,98.74,3.0018701375740697,0,0.0,0,0,0.0
Cameroon,CMR,2010,0.1850719808415483,717789249.0,0.081395212785313,1.0956237748700806,3.1341666666666668,1.275380462423383,1.279,-3.113,0.090582839476364,0.1532482325844842,494.794262222947,-0.571,27507501821.02961,27.53,0.6881870827776453,2.899,1398.5870202504714,13.989,14.817,3.25,4.0,,,,,,,,13.8078332109737,15.898,100.0,0.0,0.0,79.03333333333333,0.081395212785313,0.0073730094938765,99.99999999999991,0.0073730094938765,0.0124736725001872,114.4,3878432844.0,5133282796.0,3642642765.844419,0.3276093808384483,327341650.56302214,,100.0,100.0,,100.0,3.25,False,-0.0626845155572262,-0.05437947946697,0.0124736725001872,0.0,0.0992447125255444,0.1679024070763806,1.0956237748700806,0.0,0.0992447125255444,0.0,0.0103691567680818,0.0251264089021611,0.0503936549154069,0.4466360243944612,0.0045648003538295,100.0,1.268005315737497,0,0.0,0,0,0.0
Cameroon,CMR,2011,0.2871509235359944,616623884.0,-0.0507197033422284,0.5830139577638375,2.9791666666666665,2.93969946305091,2.955,-2.446,0.090582839476364,0.1532482325844842,471.248625718937,-1.545,30630910495.21702,30.626,2.589044247478938,3.379,1513.9605699487818,15.864,17.126,3.25,4.0,,,,,,,,10.1303731066654,16.12,101.2331398015054,-0.0507197033422284,-0.0045943347461378,103.99166666666667,0.0,0.0,100.2186669515072,-0.0045943347461378,-0.0077727048944058,115.1,2147386038.0,5074397807.0,3198717752.748496,0.2357678478453219,235805650.2644812,,102.939699463051,103.156841568622,,104.77542171238784,3.25,False,0.0021842822327862,0.046649032748256,0.0,-0.0077727048944058,0.0528110597486013,0.0893458585993932,0.5830139577638375,0.0,0.0528110597486013,0.0,0.0073730094938765,0.0103691567680818,-0.022392514245551,0.4856084201187298,-0.0020283775233769,102.94,2.897610823651675,0,-0.0,0,0,-0.0
Cameroon,CMR,2012,0.1149453545569844,491389237.0,-0.2196531463744412,-1.3267103132643563,2.3916666666666666,2.735296775295393,2.384,-3.168,0.090582839476364,0.1532482325844842,510.556338454251,-1.216,30155062329.282063,30.174,1.942285363888232,4.626,1449.0987436227924,14.874,16.965,3.25,4.0,,,,,,,,-0.0589025761589911,14.853,97.6676504394435,-0.2196531463744412,-0.0198968056985143,105.025,0.0,0.0,96.43019271524858,-0.0198968056985143,-0.0336614564635041,108.7,4274981263.0,6515067540.0,3380703262.120926,0.3578188194465221,357594246.80188245,,105.755405742962,105.291504532867,,97.33975008706832,3.25,False,-0.0385351132016849,-0.0736117817570978,0.0,-0.0336614564635041,-0.1201771873380617,-0.2033160106593699,0.0,-1.3267103132643563,0.0,-0.1201771873380617,-0.0045943347461378,0.0073730094938765,-0.0408772736886291,0.5126475628471345,-0.0037027795207684,105.76,2.7026081878767982,0,-0.0,0,0,-0.0
Cameroon,CMR,2013,0.1227746421107165,555054577.0,0.0193242728264028,-0.9853850885501096,2.438333333333333,2.050347180017408,2.05,-3.345,0.090582839476364,0.1532482325844842,493.899623852237,-3.543,33728621180.323067,33.729,3.053459169250374,4.996,1575.9288211889684,17.472,19.192,3.20833333333333,3.25,,,,,,,,11.4452794400338,15.241,100.65700138707,0.0,0.0,104.08333333333331,0.0193242728264028,0.0017504475034315,98.94599194884869,0.0017504475034315,0.0029614106566266,108.2,4520921971.0,6657200199.0,3471999831.391013,0.3314135526097699,331409830.4129977,,107.923758722329,106.833848874866,,101.20317714353776,3.20833333333333,False,0.0257548103863483,0.0389227140803019,0.0029614106566266,0.0,-0.0892589792985373,-0.1510085232354097,0.0,-0.9853850885501096,0.0,-0.0892589792985373,-0.0198968056985143,-0.0045943347461378,-0.0209365687124982,0.5091967482581506,-0.00189649384287,107.92,2.0217835796123573,0,0.0,0,0,0.0
Cameroon,CMR,2014,0.1310953880876375,676389215.0,0.2276446841950015,0.7301763555111299,3.061666666666667,1.854898503667769,1.855,-3.852,0.090582839476364,0.1532482325844842,493.757329875312,-3.362,36386544706.08061,36.396,2.0142126302225734,5.72,1649.443390594896,20.707,19.525,2.6,2.95,,,,,,,,13.2432367021781,15.892,101.7511268917449,0.0,0.0,96.24166666666667,0.2276446841950015,0.0206207018860834,99.75222829528384,0.0206207018860834,0.034886145510137,109.6,5159519529.0,7561138520.0,3168216856.180412,0.3495978568933541,349507035.0862732,,109.925634907972,108.566932118964,,101.4641253388546,2.6,False,0.0081152289147627,0.0025751400085134,0.034886145510137,0.0,0.0661414476007011,0.1118982359570606,0.7301763555111299,0.0,0.0661414476007011,0.0,0.0017504475034315,-0.0198968056985143,0.0196424391309584,0.5264524429400053,0.0017792679107238,109.93,1.8453587691272588,0,0.0,0,0,0.0
Cameroon,CMR,2015,0.2134456780675606,865019195.0,0.0242012349301992,0.9373300204222236,3.1366666666666667,2.676235314198996,2.678,-3.643,0.090582839476364,0.1532482325844842,591.21169798261,-2.858,32210233020.45692,32.213,0.309791677780538,5.667,1415.0000971056854,31.62,17.933,2.45,2.45,,,,,,,,8.80292225458133,14.605,94.50261899027475,0.0,0.0,50.75,0.0242012349301992,0.002192216578812,93.53987901224824,0.002192216578812,0.0037087964794149,100.0,4052643290.0,6036814820.0,3536255065.986448,0.3132376628133091,313210756.8373017,,112.867503568736,108.695721960694,,86.90366732091326,2.45,False,-0.0643015354567086,-0.1549050580656255,0.0037087964794149,0.0,0.0849060147762832,0.1436441689780842,0.9373300204222236,0.0,0.0849060147762832,0.0,0.0206207018860834,0.0017504475034315,-0.0377077351002572,0.5510878022168729,-0.0034156737156038,112.87,2.639291437676228,0,0.0,0,0,0.0
Cameroon,CMR,2016,0.3649050562499111,777411795.0,-0.0816158537355205,0.3068761429613504,2.890833333333333,0.874190383288856,0.873,-3.069,0.090582839476364,0.1532482325844842,592.605615063022,-5.786,33814337044.376472,33.805,0.6618089771558857,4.536,1441.7201725688024,32.108,20.089,2.45,2.45,,,,,,,,5.00098743515312,16.759,97.59020466650792,-0.0816158537355205,-0.007392995777651,42.80833333333334,0.0,0.0,95.53087172830108,-0.007392995777651,-0.0125074853358422,95.9,2130449501.0,4898887030.0,2225708778.078184,0.2078803592031097,207937776.3940245,,113.854180430792,110.06700893427,,86.36757171922615,2.45,False,0.0210616005551775,-0.0061879549691301,0.0,-0.0125074853358422,0.0277977123969937,0.0470282265311704,0.3068761429613504,0.0,0.0277977123969937,0.0,0.002192216578812,0.0206207018860834,0.0550494634158944,0.5217494320915921,0.0049865367078619,113.85,0.8645078542213191,0,-0.0,0,0,-0.0
Cameroon,CMR,2017,0.1636845384748673,534296643.32,-0.3539196114530595,-1.4579152427567046,2.029166666666667,0.6404091498819502,0.641,-2.632,0.090582839476364,0.1532482325844842,580.656749587858,-3.682,36098547033.16547,36.086,1.0251411606625285,3.541,1496.089517712422,36.539,18.185,2.45,2.95,,,,,,,,5.43228321376026,16.864,100.0187680041248,-0.3539196114530595,-0.0320590433517896,52.81666666666666,0.0,0.0,96.31977545322415,-0.0320590433517896,-0.0542375549321687,92.6,3264185171.662,5183629302.428,3196791410.746039,0.2340209002409041,234102268.8602228,,114.583313019794,112.411557302308,,86.85915235857088,2.45,False,0.0082241908809663,0.0056755903171481,0.0,-0.0542375549321687,-0.1320621024047748,-0.2234229342104442,0.0,-1.4579152427567046,0.0,-0.1320621024047748,-0.007392995777651,0.002192216578812,-0.0234374425052035,0.5736667424666486,-0.0021230300921853,114.58,0.6391476470683166,0,-0.0,0,0,-0.0
Cameroon,CMR,2018,0.1460597758714139,555727075.361,0.1220177254078842,-0.7903235680404951,2.2925,1.068858113129201,1.064,-3.524,0.090582839476364,0.1532482325844842,555.446458398226,-2.296,39955552189.79499,39.992,1.8969916226624832,3.956,1610.6964159101708,38.335,17.837,2.45,3.5,,,,,,,,13.9378563463,16.037,102.9828403246972,0.0,0.0,68.35833333333333,0.1220177254078842,0.0110527120338934,97.62562061121491,0.0110527120338934,0.0186990007627371,96.4,3804792058.905,6133556703.244,3459329760.964259,0.2487351123303295,248508420.7378726,,115.808046057299,115.157303224791,,89.58384546946769,2.45,False,0.0134663149330158,0.0308871392754399,0.0186990007627371,0.0,-0.0715897528981994,-0.1211156899720692,0.0,-0.7903235680404951,0.0,-0.0715897528981994,-0.0320590433517896,-0.007392995777651,0.1085859528429598,0.5481223938028289,0.0098360239357618,115.81,1.0677648215854596,0,0.0,0,0,0.0
Cameroon,CMR,2019,0.1563213277544415,637254531.99,0.021220001403217,-0.4286396408196857,2.341666666666667,2.452802140627324,2.456,-4.273,0.090582839476364,0.1532482325844842,585.911013180369,-3.646,39667757527.65778,39.673,1.169771819115411,3.475,1555.2266047647745,41.597,19.067,,3.5,,,,,,,,,14.668,101.8359755444069,0.0,0.0,61.41666666666666,0.021220001403217,0.0019221679807958,96.64686444756458,0.0019221679807958,0.0032519277104832,93.3,4076568061.084,6561572963.703,3720172167.11585,0.2681810540303345,268145616.0307262,,118.648588290011,117.244195476228,,85.46026157670873,,False,-0.010076202447518,-0.0471235166060353,0.0032519277104832,0.0,-0.0388273957775759,-0.0656882673712649,0.0,-0.4286396408196857,0.0,-0.0388273957775759,0.0110527120338934,-0.0320590433517896,-0.0059041029666317,0.5519386964851021,-0.0005348104112783,118.65,2.422706568548705,0,0.0,0,0,0.0
Cameroon,CMR,2020,0.1871070816936974,589921135.67,0.0123785842326397,-0.0451892785972113,2.370833333333333,2.437608821822364,2.451,-3.704,0.090582839476364,0.1532482325844842,575.586004510945,-3.518,40773241177.05051,40.832,0.7055720376217209,0.26,1555.6037066074864,44.892,16.828,,3.25,,,,,,,,,13.945,104.2846708562872,0.0,0.0,41.25,0.0123785842326397,0.0011212873084898,99.49575996129144,0.0011212873084898,0.0018969961555501,84.8,3152853063.23,5610413588.94,3961753887.411405,0.2149269079227006,214617619.81215712,,121.540776745136,118.690501577198,,88.0279264115791,,False,0.0290512670169746,0.0296026187010101,0.0018969961555501,0.0,-0.0040933731692238,-0.0069251770767904,0.0,-0.0451892785972113,0.0,-0.0040933731692238,0.0019221679807958,0.0110527120338934,0.0816484681703606,0.527820633880912,0.0073959500857667,121.54,2.4065443825436184,0,0.0,0,0,0.0
Cameroon,CMR,2021,0.1631769363180155,700690898.6,0.0232770627561453,0.8686551109659224,2.4266666666666667,2.271857625036371,2.262,-3.985,0.090582839476364,0.1532482325844842,554.530675033104,-2.881,45011937346.83839,45.036,2.921039333755914,3.339,1672.3265734087215,47.154,17.047,,,,,,,,,,,14.133,104.8115941840607,0.0,0.0,69.08333333333333,0.0232770627561453,0.0021085024391211,99.63102540907168,0.0021085024391211,0.0035671687271374,107.2,4294055976.357,6966293016.781,4299788713.29081,0.2501636156287088,250029953.662359,,124.302010149149,124.266413825838,,89.25313227122653,,False,0.0013585863733416,0.0138224057989715,0.0035671687271373,0.0,0.0786852464769493,0.1331198604810066,0.8686551109659224,0.0,0.0786852464769493,0.0,0.0011212873084898,0.0019221679807958,-0.0727700687236918,0.5676159669866041,-0.0065917194538821,124.3,2.2454571809456425,0,0.0,0,0,0.0
Cameroon,CMR,2022,0.1331057287904218,748451607.756,-0.0138314791484619,0.5545894960353657,2.393333333333333,6.247677133438612,6.252,-3.387,0.090582839476364,0.1532482325844842,623.759700911182,-1.112,44347206072.55133,44.443,6.831054732486734,3.737,1604.8772695489472,45.579,17.081,,,,,,,,,,,15.705,102.0732870660228,-0.0138314791484619,-0.0012528946554258,97.1,0.0,0.0,96.76800161686924,-0.0012528946554258,-0.0021196497335309,124.2,5622985686.322,7926780025.424,5133480338.411294,0.3055382043590028,304879637.1024908,,132.067998413642,134.21120616846,,78.05777328654388,,False,-0.0291572383498213,-0.1340272798398318,0.0,-0.0021196497335309,0.0502362912946491,0.0849898600773396,0.5545894960353657,0.0,0.0502362912946491,0.0,0.0021085024391211,0.0011212873084898,0.0335831137462907,0.5410531493857447,0.0030420538015967,132.07,6.063408653904734,0,-0.0,0,0,-0.0
Cameroon,CMR,2023,0.1740552433807053,864621492.051,0.3151563280040294,1.7834995632246495,3.28,7.382813842809837,7.386,-4.135,0.090582839476364,0.1532482325844842,606.569750165917,-0.64,48814501547.43128,48.822,3.5728174291619155,3.347,1720.4751015450624,43.559,17.265,,,,,,,,,,,15.161,108.006176057899,0.0,0.0,80.76666666666667,0.3151563280040294,0.0285477550695493,104.7973014353938,0.0285477550695493,0.0482971502544334,106.6,4967511895.978,8296875048.587,4882047276.677387,0.2717304596806437,271688725.2583876,,141.818332882446,139.73579356326,,82.7882336790861,,False,0.0797116440674097,0.0588367102882365,0.0482971502544334,0.0,0.1615544546417437,0.2733181558793771,1.7834995632246495,0.0,0.1615544546417437,0.0,-0.0012528946554258,0.0021085024391211,0.0255295083611937,0.4832922350134264,0.0023125353577925,141.82,7.12265628201374,0,0.0,0,0,0.0
Cameroon,CMR,2024,,,0.8041320935025076,1.760040252669587,7.329999999999999,4.533313497116064,4.508,-3.268,0.090582839476364,0.1532482325844842,606.3452976090625,-1.509,53296694320.20565,53.308,5.425726572553401,3.525,1830.0083368472697,43.413,17.062,,,,,,,,,,,15.637,111.27033116672,0.0,0.0,78.72500000000001,0.8041320935025076,0.0728405683435302,108.7226563409608,0.0728405683435302,0.1232318220937204,123.7,,,5061511549.895384,,,,148.247402508391,143.857336014608,,84.09297557270908,,False,0.0367721805151477,0.0156370928220228,0.1232318220937204,0.0,0.1594294436795083,0.2697230579991632,1.760040252669587,0.0,0.1594294436795083,0.0,0.0285477550695493,-0.0012528946554258,0.0606244218380354,0.4625126033166225,0.0054915322717021,148.25,4.434139000198467,0,0.0,0,0,0.0
Côte d'Ivoire,CIV,1991,,,-0.0595978644311211,-0.775070464125905,1.1941666666666666,1.683348498634796,1.575,-7.405,0.3621644944540512,0.3540620375471642,282.10690880882,,10492628580.748444,14.504,0.663489267146474,0.04,827.2418891669848,,,,,,,,,,,,0.115518092018689,-0.582,113.0982759841815,-0.0595978644311211,-0.021584230442238,19.39166666666667,0.0,0.0,121.4726224159501,-0.021584230442238,-0.0211013413139424,,,,,,,,42.5755560310966,62.4573407534626,,119.56051354345963,,False,,,0.0,-0.0211013413139424,-0.2807030028064252,-0.2744230277710441,0.0,-0.775070464125905,0.0,-0.2807030028064252,,,0.0571476463138012,0.3990981883908845,0.0206968484364767,42.58,1.6815079434281175,1,-0.021584230442238,0,0,-0.0
Côte d'Ivoire,CIV,1992,,,-0.0828962751108572,-0.9716642309346012,1.0991666666666666,4.231383828699676,4.218,-6.569,0.3621644944540512,0.3540620375471642,264.691800750579,,11152971273.938326,15.416,-0.0238371372650902,-0.25,844.9022238067383,,,,,,,,,,,,-1.18546482317214,-2.066,128.7317506779262,-0.0828962751108572,-0.0300220875676475,19.025,0.0,0.0,126.5518469990336,-0.0300220875676475,-0.0293504240708203,,,,,,,,44.3770912239754,64.3490609806525,,128.91420794970026,,False,0.040963174418592,0.0753244957765435,0.0,-0.0293504240708203,-0.3519022849755143,-0.3440294174164032,0.0,-0.9716642309346012,0.0,-0.3519022849755143,-0.021584230442238,,0.0237729730844122,0.4202906129962634,0.0086097267787859,44.38,4.140425803911452,1,-0.0300220875676475,0,0,-0.0
Côte d'Ivoire,CIV,1993,,,0.0172871648143125,-0.8892070320380963,1.1183333333333334,2.164714539767541,2.13,-5.84,0.3621644944540512,0.3540620375471642,283.162579500018,,11045760288.120558,15.268,6.154194290898829,-0.18,804.1496572112522,,,,,,,,,,,,-1.36228574653462,-0.382,143.8725973709297,0.0,0.0,16.849999999999998,0.0172871648143125,0.0062607973055193,124.2703889383187,0.0062607973055193,0.0061207287975691,,,,,,,,45.3377285700267,66.2484245218916,,119.58397856620886,,False,-0.0181923343012249,-0.0751282543944613,0.0061207287975691,0.0,-0.3220392152230644,-0.3148344535646749,0.0,-0.8892070320380963,0.0,-0.3220392152230644,-0.0300220875676475,-0.021584230442238,0.0391319842297512,0.396084802070798,0.0141722152855517,45.34,2.1400727574935274,1,0.0062607973055193,0,0,0.0
Côte d'Ivoire,CIV,1994,,,0.222248963510401,1.4950211144350354,1.3966666666666665,26.08157199471616,25.956,-0.12,0.3621644944540512,0.3540620375471642,555.204695655697,,8313557510.147572,11.492,46.38606943541896,0.171,581.8884685774052,,,,,,,,,,,,46.7837521949597,5.576,83.70070771026892,0.0,0.0,15.891666666666666,0.222248963510401,0.0804906835126813,76.99824717293902,0.0804906835126813,0.0786899208632379,,,,,,,,57.1625208877872,67.9758134970225,,74.94255298895042,,False,-0.4786770899907209,-0.4672970141751502,0.0786899208632379,0.0,0.5414435661074968,0.5293302219529008,1.4950211144350354,0.0,0.5414435661074968,0.0,0.0062607973055193,-0.0300220875676475,-0.0246540126823049,0.4105678170613156,-0.0089288080393507,57.16,23.16647079822833,1,0.0804906835126813,0,0,0.0
Côte d'Ivoire,CIV,1995,0.3366296754021678,1257940608.0,0.0259142887654703,1.180041698704018,1.4333333333333331,14.29506908519446,14.1,-3.239,0.3621644944540512,0.3540620375471642,499.14842590131,,11000146266.51352,15.205,11.043789851394052,5.572,740.4730999133,,,,,,,,,,,,18.0817630059379,8.532,89.1215891663325,0.0,0.0,17.175,0.0259142887654703,0.0093852352898828,88.55275881396133,0.0093852352898828,0.009175265881888,,3736867840.0,2472055552.0,,0.5644400757561844,408347477.2772114,,65.333942739535,69.8828203523109,,92.67517022623812,,False,0.1398158615739158,0.2123787259520924,0.009175265881888,0.0,0.4273692052458405,0.4178079682337615,1.180041698704018,0.0,0.4273692052458405,0.0,0.0804906835126813,0.0062607973055193,-0.0742450772516676,0.5103884940970569,-0.0268889308685521,65.33,13.35969957909926,1,0.0093852352898828,0,0,0.0
Côte d'Ivoire,CIV,1996,0.3731716266605086,1595189504.0,0.0161479864079822,0.8815264538792391,1.4566666666666668,2.480806691875511,2.7,-0.967,0.3621644944540512,0.3540620375471642,511.552430272516,,18071152830.61015,16.78,56.28377627389659,8.136,1170.2362204966555,,,,,,,,,,,,3.92661506478793,6.945,90.08448145016791,0.0,0.0,20.425,0.0161479864079822,0.0058482273338977,88.60390775398817,0.0058482273338977,0.0057173889698941,,4274680576.0,2615644416.0,,0.3812886237301197,410627234.3265792,,66.9547515630835,71.9312285175105,,90.03231716819391,,False,0.000577443033209,-0.0289319003205239,0.005717388969894,0.0,0.3192575825170471,0.3121150524122096,0.8815264538792391,0.0,0.3192575825170471,0.0,0.0093852352898828,0.0804906835126813,0.0898974209114555,0.5060119144911213,0.0325576539971203,66.95,2.449472328452273,1,0.0058482273338977,0,0,0.0
Côte d'Ivoire,CIV,1997,0.3585395693669096,1493782272.0,0.1057608931619591,1.181717783132627,1.6191666666666666,4.020833333333058,6.301,-0.955,0.3621644944540512,0.3540620375471642,583.669372353396,-0.749,18047558037.70358,16.203,3.921474201352197,5.723,1124.6567486792735,84.182,15.172,,,,,,,,,,8.18789335818749,9.04,86.93245346962541,0.0,0.0,19.166666666666668,0.1057608931619591,0.0383028404050098,86.68101807085283,0.0383028404050098,0.0374459173257312,,4166296832.0,2750775808.0,,0.3832691727905449,426900736.900574,,69.6468905321824,73.6127576083459,,80.20591443797542,,False,-0.0219410404502848,-0.1155714272604191,0.0374459173257311,0.0,0.42797622351559,0.4184014061016559,1.181717783132627,0.0,0.42797622351559,0.0,0.0058482273338977,0.0093852352898828,-0.0150484099710244,0.4778125096326485,-0.0054499997894933,69.65,3.953662808863268,1,0.0383028404050098,0,0,0.0
Côte d'Ivoire,CIV,1998,0.3751356842330506,1653376640.0,0.0343989403952119,1.2938843190083755,1.6758333333333333,4.611447595153724,4.503,-1.665,0.3621644944540512,0.3540620375471642,589.951774567332,-0.697,19619654755.67897,17.433,5.387361390656963,4.931,1177.3713381534178,75.16,14.565,,,,,,,,,,6.01708131520131,8.819,91.21845836940024,0.0,0.0,13.066666666666668,0.0343989403952119,0.0124580748579869,92.55612925879424,0.0124580748579869,0.0121793589257922,,4407409664.0,2999738880.0,,0.3775371501812986,424892361.8424826,,72.858620390728,74.755433058709,,81.74220049104893,,False,0.0655803415221649,0.0189731401257411,0.0121793589257921,0.0,0.4685989602756926,0.4581153183384304,1.2938843190083755,0.0,0.4685989602756926,0.0,0.0383028404050098,0.0058482273338977,0.0715628216471024,0.4876042746482255,0.0259175131235282,72.86,4.50570913546029,1,0.0124580748579869,0,0,0.0
Côte d'Ivoire,CIV,1999,0.3673459166076195,1584671744.0,-0.3896779030631943,-1.558798518646719,1.135,0.7023758059559609,0.744,-0.698,0.3621644944540512,0.3540620375471642,615.473349319164,-1.268,18870992455.567986,17.114,-0.7759119294433816,1.618,1096.1352058757184,78.018,13.668,,,,,,,,,,-1.68265861398716,6.931,91.95041672682991,-0.3896779030631943,-0.1411275007627965,18.091666666666665,0.0,0.0,91.58024896728168,-0.1411275007627965,-0.1379701523456609,,4313840640.0,2897644544.0,,0.3821465776630213,421379290.8729695,,73.3703617129058,76.391102265249,,77.21350837232136,,False,-0.0105996374835255,-0.0569959777487332,0.0,-0.1379701523456609,-0.5645414774614129,-0.5519113796375585,0.0,-1.558798518646719,0.0,-0.5645414774614129,0.0124580748579869,0.0383028404050098,-0.2053324825201947,0.5368022025081163,-0.0743641347269216,73.37,0.6975341145485814,0,-0.0,0,1,-0.1411275007627965
Côte d'Ivoire,CIV,2000,0.2853323219161909,1030407056.0,-0.2246130592935695,-1.3747722248362335,0.9066666666666668,2.530775167379969,2.534,-1.625,0.3621644944540512,0.3540620375471642,710.207977031367,-0.831,16577533891.878548,14.851,1.6010172872691726,-2.068,936.6365413487983,73.987,12.877,,,,,,,,,,-1.75846295093394,5.566,86.938924326958,-0.2246130592935695,-0.0813468750668334,28.23333333333333,0.0,0.0,86.60719210568533,-0.0813468750668334,-0.0795269574331832,,3611252483.0,2484751717.0,,0.3677268428319411,410477691.73793006,,75.2272006073529,78.9707207568715,,66.36634616062507,,False,-0.055832763963072,-0.1513843275719812,0.0,-0.0795269574331832,-0.4978936877972857,-0.486754655088765,0.0,-1.3747722248362335,0.0,-0.4978936877972857,-0.1411275007627965,0.0124580748579869,0.0851699534866394,0.5504658633469912,0.0308455331471638,75.23,2.503495484622676,0,-0.0,0,1,-0.0813468750668334
Côte d'Ivoire,CIV,2001,0.3592339088080753,1311137551.0,0.163299874480846,-0.6175967524869918,1.0675,4.361529140072564,4.355,-0.396,0.3621644944540512,0.3540620375471642,732.397693260228,0.699,16810537043.840742,15.485,6.875968797426452,0.121,924.7272949620664,71.172,11.439,,,,,4.95,,,,,4.55722942027382,6.919,88.68656776920925,0.0,0.0,24.34166666666667,0.163299874480846,0.0591414164857656,89.68337316211408,0.0591414164857656,0.0578182862898845,,3649815674.0,2547863503.0,,0.3686782379906645,400237596.1898612,,78.5082568831034,81.2025684592531,,65.31655272949617,,False,0.0349025295326361,-0.0159446014730733,0.0578182862898845,0.0,-0.2236716156409151,-0.2186675645680559,0.0,-0.6175967524869918,0.0,-0.2236716156409151,-0.0813468750668334,-0.1411275007627965,0.0766707334444198,0.4971579782978531,0.0277674174173196,78.51,4.267591763803402,0,0.0,0,0,0.0
Côte d'Ivoire,CIV,2002,0.4619702344420773,2303055524.0,0.5098884165746165,1.1961792687208084,1.7775,3.077264851574272,3.08,4.48,0.3621644944540512,0.3540620375471642,693.713226496374,-0.637,18054383320.847363,17.148,4.582137352165546,-1.668,967.8158644159912,62.982,13.098,,,,,4.95,5.0,6.0,,,29.7788097443809,8.614,91.649155011539,0.0,0.0,24.933333333333334,0.5098884165746165,0.1846634806167226,93.24966200726033,0.1846634806167226,0.1805321316941059,,4985289857.0,2593681140.0,,0.4197856477461945,441974049.2768836,,80.9241638777508,82.490466876552,,69.97117052158534,,False,0.0389950425585166,0.0688378159296121,0.1805321316941059,0.0,0.4332136601326882,0.4235216691549662,1.1961792687208084,0.0,0.4332136601326882,0.0,0.0591414164857656,-0.0813468750668334,0.043814842279044,0.4867141797683448,0.0158681802035739,80.92,3.023500708938087,0,0.0,0,1,0.1846634806167226
Côte d'Ivoire,CIV,2003,0.4224965924711616,2250627740.0,-0.0151160176263501,1.039447246619466,1.7508333333333332,3.29680746974208,3.297,1.387,0.3621644944540512,0.3540620375471642,579.897426172466,-1.261,21251754340.430546,21.206,3.2781206928541167,-1.36,1111.171350878869,56.381,12.675,,,,,4.95,3.5,4.5,,,-27.6793378368258,8.95,97.50344454284593,-0.0151160176263501,-0.0054744848818056,28.916666666666668,0.0,0.0,99.71877691467785,-0.0054744848818056,-0.0053520080003843,,5326972525.0,3278553742.0,,0.404932511883424,405806199.5190041,,83.5920777572988,84.3630788186188,,84.54465823748083,,False,0.0670735594540339,0.1891965870837682,0.0,-0.0053520080003843,0.3764508865835944,0.3680288100608778,1.039447246619466,0.0,0.3764508865835944,0.0,0.1846634806167226,0.0591414164857656,0.0922984513720468,0.4989132948326338,0.0334272219800491,83.59,3.2462883411519705,0,-0.0,0,1,-0.0054744848818056
Côte d'Ivoire,CIV,2004,0.33165923358008,2181938430.0,-0.1218369341377534,0.3483493414015277,1.55,1.457988356007414,1.459,1.051,0.3621644944540512,0.3540620375471642,527.338032291576,-1.038,23510575681.368645,22.924,-2.503357520043849,1.232,1199.8252452854629,56.718,13.508,,,,,4.95,3.0,4.0,,,7.56792481095225,7.521,99.70515319723408,-0.1218369341377534,-0.044125011657831,37.73333333333333,0.0,0.0,100.9621913176448,-0.044125011657831,-0.0431378331493126,,6578856275.0,4714732603.0,,0.4803620732668743,492653501.9193858,,84.8108405175449,86.6216781201727,,91.86716930404856,,False,0.0123921099832573,0.0830638272276527,0.0,-0.0431378331493126,0.1261597631220859,0.1233372775948376,0.3483493414015277,0.0,0.1261597631220859,0.0,-0.0054744848818056,0.1846634806167226,0.0364603401082863,0.5268656094428527,0.0132046406429402,84.81,1.4489564662544474,0,-0.0,0,1,-0.044125011657831
Côte d'Ivoire,CIV,2005,0.2842636394881495,2060324777.0,-0.0075553516444496,0.0052691144906505,1.538333333333333,3.885830398864819,3.884,0.168,0.3621644944540512,0.3540620375471642,527.258362649626,-1.025,24036918703.174747,23.626,1.2151349397056208,1.721,1197.746169794149,58.164,13.597,7.6075,,,7.04916666666667,4.95,3.0,4.0,,,-0.176792556330689,8.354,98.89222226727232,-0.0075553516444496,-0.0027362801087346,53.38333333333333,0.0,0.0,101.1650244767658,-0.0027362801087346,-0.0026750631976191,81.9,7247936390.0,5864962365.0,,0.5455316014888412,555019840.6416659,,88.1064459399084,89.5605323721102,-131.8632475559263,92.31923447010732,7.6075,False,0.0020069858124545,0.0049087887547596,0.0,-0.0026750631976191,0.0019082861857269,0.001865593412629,0.0052691144906505,0.0,0.0019082861857269,0.0,-0.044125011657831,-0.0054744848818056,0.0466713052969325,0.5010871027979699,0.0169026896883742,88.11,3.817257350502956,0,-0.0,0,0,-0.0
Côte d'Ivoire,CIV,2006,0.2497681593874922,2035044911.0,0.0351286785485493,-0.4277234890696032,1.5933333333333335,2.467191485969148,2.466,1.947,0.3621644944540512,0.3540620375471642,522.425624895176,-1.034,25281413263.371223,24.628,1.359538259600896,1.516,1230.4305683858356,57.471,14.461,7.82166666666667,,,4.73666666666667,4.95,3.25,4.25,,,13.1657096490292,7.438,98.79778624356877,0.0,0.0,64.29166666666667,0.0351286785485493,0.0127223601073742,100.9329332682162,0.0127223601073742,0.0124377315032387,83.1,8147735548.0,5820429127.0,,0.552507272021761,567166017.3379893,,90.2802006727278,92.4497050827274,286.4350308812384,92.48837937017774,7.82166666666667,False,-0.002296819949791,0.0018304976054324,0.0124377315032387,0.0,-0.1549062611850157,-0.1514406500467659,0.0,-0.4277234890696032,0.0,-0.1549062611850157,-0.0027362801087346,-0.044125011657831,0.0668722669268504,0.4983471213725363,0.0242187607445591,90.28,2.432991807069662,0,0.0,0,0,0.0
Côte d'Ivoire,CIV,2007,0.2732555633010591,2204547459.0,0.2032823448964489,1.566573075667569,1.9525,1.892006293495979,1.896,-0.494,0.3621644944540512,0.3540620375471642,478.633718476363,-0.389,28760090953.30806,28.158,3.0885494457229186,1.765,1367.5381772232606,53.533,14.842,7.81333333333333,,,4.75166666666667,4.66877516762555,3.25,4.25,,,32.1527289898297,6.698,101.4166283714451,0.0,0.0,71.125,0.2032823448964489,0.0736216476708565,102.6282159631992,0.0736216476708565,0.0719745612314021,87.2,8067712995.0,6683116670.0,,0.5128923162638094,523859282.0867959,,91.9883077512366,95.0869923788515,466.1309711113007,100.00757193255888,7.81333333333333,False,0.016656635086135,0.0781628942511609,0.071974561231402,0.0,0.5673571459744733,0.5546640551373874,1.566573075667569,0.0,0.5673571459744733,0.0,0.0127223601073742,-0.0027362801087346,-0.0487167385062576,0.4730573659334207,-0.0176434729725689,91.99,1.8763923539730776,0,0.0,0,0,0.0
Côte d'Ivoire,CIV,2008,0.2874183874322005,2795696253.687,0.2773859711995169,1.6514400008754295,2.5766666666666667,6.308527691525781,1.706,1.349,0.3621644944540512,0.3540620375471642,446.000041432788,-0.21,34078240293.255936,33.621,5.3729334850033865,2.543,1583.9706670137175,51.24,14.589,8.12416666666667,,,4.98416666666667,5.3981227738243,3.75,4.75,,,8.01690586409246,10.078,104.6279718750532,0.0,0.0,96.99166666666667,0.2773859711995169,0.100459350028119,107.100685488521,0.100459350028119,0.0982118421498999,89.9,9726922061.82,7847262199.08,,0.5157010488120164,522714501.677523,,97.7914156186894,98.7374773853445,-75.1121006455073,109.87742202736082,8.12416666666667,False,0.0426564735698384,0.0941194967952316,0.0982118421498999,0.0,0.5980929330382478,0.5847122115968452,1.6514400008754295,0.0,0.5980929330382478,0.0,0.0736216476708565,0.0127223601073742,0.0696786420191273,0.483645039456313,0.025235130161102,97.79,6.11424468351176,0,0.0,0,0,0.0
Côte d'Ivoire,CIV,2009,0.3628504328051284,3739397933.767,0.1144715359777107,1.297066385192554,2.8891666666666667,1.019504577311376,0.518,4.82,0.3621644944540512,0.3540620375471642,470.293423341398,-1.002,33886813250.203587,33.693,1.2077792972368826,3.251,1540.45393569596,46.476,14.386,8.57916666666667,,,4.9775,4.76446864161477,3.25,4.25,,,21.1697848867048,11.112,105.5642589538925,0.0,0.0,61.75833333333333,0.1144715359777107,0.0414575259567463,107.4017053442915,0.0414575259567463,0.0405300252694217,94.4,10305617950.786,6993211963.224,,0.510488542734424,513425041.2254771,,98.7884035771395,98.3864199710624,492.7540733049434,105.63955388551584,8.57916666666667,False,0.0028066825009078,-0.0393325347917032,0.0405300252694217,0.0,0.4697513916666049,0.4592419671752105,1.297066385192554,0.0,0.4697513916666049,0.0,0.100459350028119,0.0736216476708565,0.0334383288553787,0.4591740859156752,0.0121101754652965,98.79,1.0174062732199118,0,0.0,0,0,0.0
Côte d'Ivoire,CIV,2010,0.3721479768823397,3827619670.228,0.081395212785313,1.0956237748700806,3.1341666666666668,1.226456121354798,1.751,1.35,0.3621644944540512,0.3540620375471642,494.794262222947,-1.337,34936307980.063034,34.431,1.5162179241976048,2.018,1553.5488704814325,45.612,14.465,8.38666666666667,,,5.11333333333333,4.15696306873915,3.25,4.25,,,19.1204121935271,11.072,100.0,0.0,0.0,79.03333333333333,0.081395212785313,0.0294784560893728,99.99999999999991,0.0294784560893728,0.0288189548853529,101.1,10285208863.135,7861222575.404,,0.5194146859735309,527037595.14794815,,100.0,100.0,593.5093076477085,100.0,8.38666666666667,False,-0.0714058743990806,-0.0548626784625536,0.0288189548853529,0.0,0.3967960305376619,0.3879187861156162,1.0956237748700806,0.0,0.3967960305376619,0.0,0.0414575259567463,0.100459350028119,0.0503936549154069,0.4466360243944612,0.0182507925561302,100.0,1.2173800931709169,0,0.0,0,1,0.0294784560893728
Côte d'Ivoire,CIV,2011,0.3763694804113744,4181314068.968,-0.0507197033422284,0.5830139577638375,2.9791666666666665,4.9124339505245,4.895,7.504,0.3621644944540512,0.3540620375471642,471.248625718937,-2.889,36693710801.39765,35.529,5.709320500056791,-4.857,1596.6282656599792,50.028,13.197,8.50083333333333,,,5.25591666666667,4.11783590758085,3.25,4.25,,,11.0157964392722,10.449,101.4697383291364,-0.0507197033422284,-0.0183688757197976,103.99166666666667,0.0,0.0,102.2322777889071,-0.0183688757197976,-0.0179579215091371,100.2,11109599174.72,6711111220.326,,0.4856611666097072,501582098.9908524,,104.912433950525,103.156841568622,885.5123966958469,106.783335946933,8.50083333333333,False,0.0220772715548873,0.0656316979045552,0.0,-0.0179579215091371,0.2111469552731957,0.2064231098043006,0.5830139577638375,0.0,0.2111469552731957,0.0,0.0294784560893728,0.0414575259567463,-0.022392514245551,0.4856084201187298,-0.0081097736012951,104.91,4.7932653755302645,0,-0.0,0,1,-0.0183688757197976
Côte d'Ivoire,CIV,2012,0.3109311991111728,3377001973.19,-0.2196531463744412,-1.3267103132643563,2.3916666666666666,1.304511199156063,1.3,-0.866,0.3621644944540512,0.3540620375471642,510.556338454251,-2.276,36302302877.29775,37.03,-0.4040983607408748,10.864,1546.9460184731029,24.693,16.142,7.9925,,6.25,5.03916666666667,4.42818055503674,3.0,4.0,,,4.85589316007314,10.775,98.66583486909792,-0.2196531463744412,-0.0795505707119412,105.025,0.0,0.0,97.45411601626168,-0.0795505707119412,-0.0777708405589801,88.8,10860929951.203,9769250892.079,,0.5682884888325755,557120735.7083985,,106.281028400716,105.291504532867,-495.9417422308407,97.82354548066009,7.9925,False,-0.047865795269864,-0.0876365844918352,0.0,-0.0777708405589801,-0.4804873698903615,-0.4697377567492145,0.0,-1.3267103132643563,0.0,-0.4804873698903615,-0.0183688757197976,0.0294784560893728,-0.0408772736886291,0.5126475628471345,-0.0148042971601022,106.28,1.2974281148218303,1,-0.0795505707119412,0,0,-0.0
Côte d'Ivoire,CIV,2013,0.2848121817322881,3914129790.098,0.0193242728264028,-0.9853850885501096,2.438333333333333,2.581170372529356,2.584,-0.978,0.3621644944540512,0.3540620375471642,493.899623852237,-1.621,42760235484.609314,43.228,2.876730428525164,9.272,1786.1586203132365,24.624,15.857,7.65416666666667,,6.35,5.2875,3.83250238263991,2.5,3.5,,,11.340164416661,14.005,102.2294818296685,0.0,0.0,104.08333333333331,0.0193242728264028,0.0069985654988663,100.6187454607115,0.0069985654988663,0.0068419914110334,87.8,13742845429.895,12720573380.515,,0.6188791644970004,612182354.2706116,,109.024322817415,106.833848874866,118.9189000426771,102.2352073877713,7.65416666666667,False,0.0319569146216087,0.0441108140319954,0.0068419914110334,0.0,-0.3568714924373109,-0.3488874522206446,0.0,-0.9853850885501096,0.0,-0.3568714924373109,-0.0795505707119412,-0.0183688757197976,-0.0209365687124982,0.5091967482581506,-0.0075824818233644,109.02,2.545423074452202,1,0.0069985654988663,0,0,0.0
Côte d'Ivoire,CIV,2014,0.3659042135910824,4642184245.028,0.2276446841950015,0.7301763555111299,3.061666666666667,0.4486820767661412,0.515,1.045,0.3621644944540512,0.3540620375471642,493.757329875312,-1.568,48843005613.70906,48.882,4.407332355720754,8.794,1991.3653942340416,26.71,15.214,7.25833333333333,,,5.33833333333333,4.13804792410338,2.5,3.5,,,14.1777925634701,15.325,105.0711702360046,0.0,0.0,96.24166666666667,0.2276446841950015,0.0824448219666348,100.8528777530286,0.0824448219666348,0.0806003407228629,94.5,12686883814.396,11117787918.995,,0.4873711483207659,486982360.2428501,,109.513495413212,108.566932118964,857.7415956679571,101.0837102210486,7.25833333333333,False,0.0023242220813139,-0.0113271257984788,0.0806003407228629,0.0,0.2644439506559899,0.2585277282010332,0.7301763555111299,0.0,0.2644439506559899,0.0,0.0069985654988663,-0.0795505707119412,0.0196424391309584,0.5264524429400053,0.007113794037708,109.51,0.4484517651532904,1,0.0824448219666348,0,0,0.0
Côte d'Ivoire,CIV,2015,0.408240762489195,5127381550.69,0.0242012349301992,0.9373300204222236,3.1366666666666667,1.251499547814676,1.055,-0.44,0.3621644944540512,0.3540620375471642,591.21169798261,-2.042,45815005169.26511,45.815,4.775682372708275,8.843,1814.718550880168,29.172,16.503,6.99833333333333,,5.75,5.15416666666667,4.32725936147123,2.5,3.5,,,18.1546915307032,22.431,99.35962758812067,0.0,0.0,50.75,0.0242012349301992,0.0087648280136593,93.9085050832935,0.0087648280136593,0.0085687385505439,100.0,12559700112.812,10405703104.844,,0.501263791912923,501263848.4700644,,110.884056313105,108.695721960694,650.0091275448742,85.37648868222774,6.99833333333333,False,-0.0713418408966584,-0.1688782329146914,0.0085687385505439,0.0,0.33946765298282,0.3318729768848175,0.9373300204222236,0.0,0.33946765298282,0.0,0.0824448219666348,0.0069985654988663,-0.0377077351002572,0.5510878022168729,-0.0136564028195919,110.88,1.2432666153925354,1,0.0087648280136593,0,0,0.0
Côte d'Ivoire,CIV,2016,0.4278541720353687,4610920729.479,-0.0816158537355205,0.3068761429613504,2.890833333333333,0.7231784575133081,0.763,-0.856,0.3621644944540512,0.3540620375471642,592.605615063022,-2.979,48407761036.82379,48.408,-1.1798324356569625,7.172,1862.595970812868,31.118,17.581,6.925,,,5.295,4.60720563001472,2.5,4.5,,,11.0384683432857,22.432,102.7219115329698,-0.0816158537355205,-0.0295583644075605,42.80833333333334,0.0,0.0,95.05714921185684,-0.0295583644075605,-0.0288970754697497,98.8,10776851158.291,8581376965.195,,0.399899266333764,399897292.2551232,,111.685945921178,110.06700893427,-411.0922910747178,84.72279109892192,6.925,False,0.0121573233011966,-0.0076861089866069,0.0,-0.0288970754697497,0.1111396431756066,0.1086531924515105,0.3068761429613504,0.0,0.1111396431756066,0.0,0.0087648280136593,0.0824448219666348,0.0550494634158944,0.5217494320915921,0.0199369610879841,111.69,0.7278641111142292,1,-0.0295583644075605,0,0,-0.0
Côte d'Ivoire,CIV,2017,0.397742820706118,4950131563.036,-0.3539196114530595,-1.4579152427567046,2.029166666666667,0.6858810653046031,0.737,-1.998,0.3621644944540512,0.3540620375471642,580.656749587858,-3.274,52512343996.68996,52.512,-1.041677248170842,7.412,1964.299303383425,32.595,18.109,,,,,5.0910768518575,,,,,9.19340465385153,19.239,105.0641490326193,-0.3539196114530595,-0.1281771171592715,52.81666666666666,0.0,0.0,95.3818982007504,-0.1281771171592715,-0.1253094987589709,85.5,12445558550.241,9613803703.644,,0.4200795579659419,420082309.8317527,,112.451978676858,112.411557302308,372.8007986708961,85.24350790266173,,False,0.0034105327461837,0.006127313896294,0.0,-0.1253094987589709,-0.5280051368498372,-0.5161924414215073,0.0,-1.4579152427567046,0.0,-0.5280051368498372,-0.0295583644075605,0.0087648280136593,-0.0234374425052035,0.5736667424666486,-0.0084882095161929,112.45,0.6781501852588967,1,-0.1281771171592715,0,0,-0.0
Côte d'Ivoire,CIV,2018,0.386697244613384,4571112743.461,0.1220177254078842,-0.7903235680404951,2.2925,0.401297817263547,0.616,-3.904,0.3621644944540512,0.3540620375471642,555.446458398226,-2.905,58522477786.68885,58.522,1.6819764717322556,4.842,2130.8661938114374,35.317,17.561,,,,,,,,,,13.3967052428604,17.869,108.786711018633,0.0,0.0,68.35833333333333,0.1220177254078842,0.0441904878367796,96.33715708812032,0.0441904878367796,0.0432018444747858,86.5,11820908494.011,10969606774.708,,0.3894318239871721,389435003.39562905,,112.903246012758,115.157303224791,457.7926389760056,87.33682406491768,,False,0.009965277486085,0.0242602248738563,0.0432018444747858,0.0,-0.2862271354745078,-0.2798235728219626,0.0,-0.7903235680404951,0.0,-0.2862271354745078,-0.1281771171592715,-0.0295583644075605,0.1085859528429598,0.5481223938028289,0.0393259767161819,112.9,0.3993792750292435,1,0.0441904878367796,0,0,0.0
Côte d'Ivoire,CIV,2019,0.389119302221083,4948761519.318,0.021220001403217,-0.4286396408196857,2.341666666666667,0.7908555120536607,0.77,-2.234,0.3621644944540512,0.3540620375471642,585.911013180369,-2.22,60382894697.35568,60.383,1.983352492608077,6.721,2141.7683617011467,37.216,17.198,,,,,,,,,,10.7609813744002,18.91,107.8418612876784,0.0,0.0,61.41666666666666,0.021220001403217,0.0076851310805103,94.08186594887007,0.0076851310805103,0.0075131969335766,87.5,12717851545.967,10482560553.171,,0.384221594798005,384220924.7493169,,113.796147557137,117.244195476228,1147.149455941511,81.96514325888042,,False,-0.0236887740190105,-0.0634781098207568,0.0075131969335766,0.0,-0.1552380588204275,-0.1517650246021025,0.0,-0.4286396408196857,0.0,-0.1552380588204275,0.0441904878367796,-0.1281771171592715,-0.0059041029666317,0.5519386964851021,-0.0021382564661148,113.8,0.7940050536613619,1,0.0076851310805103,0,0,0.0
Côte d'Ivoire,CIV,2020,0.4151119814433443,5169822080.27,0.0123785842326397,-0.0451892785972113,2.370833333333333,2.412526171890529,2.288,-3.128,0.3621644944540512,0.3540620375471642,575.586004510945,-5.419,63027852805.42045,63.119,1.82838309372076,0.701,2179.7293483293465,46.315,20.37,,,,,,,,,,21.1007351049792,17.754,111.1832220998722,0.0,0.0,41.25,0.0123785842326397,0.0044830837006708,97.38005479320007,0.0044830837006708,0.0043827867553576,91.2,12454042069.069,10526972093.252,,0.3646168025629553,364090276.4986929,,116.541509399556,118.690501577198,1180.072768755245,84.40712399617792,,False,0.0344560958346242,0.0293577308950245,0.0043827867553576,0.0,-0.0163659522379023,-0.015999808055415,0.0,-0.0451892785972113,0.0,-0.0163659522379023,0.0076851310805103,0.0441904878367796,0.0816484681703606,0.527820633880912,0.0295701761978663,116.54,2.3792040022697414,1,0.0044830837006708,0,0,0.0
Côte d'Ivoire,CIV,2021,0.3893227962963573,5969744561.869,0.0232770627561453,0.8686551109659224,2.4266666666666667,4.159196579117976,4.182,-3.946,0.3621644944540512,0.3540620375471642,554.530675033104,-4.881,72794636653.77934,72.833,3.9309001718618646,7.062,2455.9812764114818,50.165,20.455,,,,,,,,,,18.7449777034031,19.053,112.4788961754454,0.0,0.0,69.08333333333333,0.0232770627561453,0.0084301256654546,99.29987326335775,0.0084301256654546,0.008241524267554,86.2,15333663013.467,13966067383.136,,0.4024984771330927,402286468.9989839,,121.388699871755,124.266413825838,2110.173977174743,87.16127496961595,,False,0.0195228813213281,0.0321083323132311,0.008241524267554,0.0,0.314596039117901,0.3075577985143525,0.8686551109659224,0.0,0.314596039117901,0.0,0.0044830837006708,0.0076851310805103,-0.0727700687236918,0.5676159669866041,-0.0263547351507024,121.39,4.077394119478495,1,0.0084301256654546,0,0,0.0
Côte d'Ivoire,CIV,2022,0.3024981037641594,4969652716.314,-0.0138314791484619,0.5545894960353657,2.393333333333333,5.233528561008425,5.239,-7.589,0.3621644944540512,0.3540620375471642,623.759700911182,-6.74,70922824813.9102,71.075,3.0000006286337,6.4,2333.3712830125887,56.035,21.85,,,,,,,,,,8.98298280676063,19.416,109.8791943777894,-0.0138314791484619,-0.0050092706533544,97.1,0.0,0.0,94.48671306071924,-0.0050092706533544,-0.0048972016895955,81.3,16428707005.015,17888544321.56,,0.4838675196118853,482831534.6686599,,127.74161214938,134.21120616846,-1213.921962085553,75.5006960064895,,False,-0.0496850726676232,-0.1436182630491913,0.0,-0.0048972016895955,0.2008526244611752,0.1963590869685365,0.5545894960353657,0.0,0.2008526244611752,0.0,0.0084301256654546,0.0044830837006708,0.0335831137462907,0.5410531493857447,0.0121626114121182,127.74,5.098844522373014,1,-0.0050092706533544,0,0,-0.0
Côte d'Ivoire,CIV,2023,0.3164504773970059,5806918037.378,0.3151563280040294,1.7834995632246495,3.28,4.369722548674742,4.437,-8.049,0.3621644944540512,0.3540620375471642,606.569750165917,-5.119,80780312569.16455,80.792,3.9024367176937886,6.6,2591.965904811898,56.701,20.98,,,,,,,,,,3.32639551187774,16.508,116.2893969416603,0.0,0.0,80.76666666666667,0.3151563280040294,0.1141384322055744,98.66160528877242,0.1141384322055744,0.111584891638989,92.0,18350163618.47,18842142271.002,,0.4604129980015581,460346394.3146846,,133.323566179512,139.73579356326,-673.4476948253083,77.8293068847995,,False,0.0432366445090854,0.030376180588413,0.111584891638989,0.0,0.6459202176742763,0.6314694893197969,1.7834995632246495,0.0,0.6459202176742763,0.0,-0.0050092706533544,0.0084301256654546,0.0255295083611937,0.4832922350134264,0.0092458814892921,133.32,4.2755305306095615,1,0.1141384322055744,0,0,0.0
Côte d'Ivoire,CIV,2024,0.3495874678187823,7183624686.736,0.8041320935025076,1.760040252669587,7.329999999999999,3.450530281310188,3.443,-4.467,0.3621644944540512,0.3540620375471642,606.3452976090625,-3.964,87113179149.28401,87.132,1.6791030981436703,6.02,2727.8935220697044,59.459,20.365,,,,,,,,,,13.6451544091705,17.152,120.2177898343676,0.0,0.0,78.72500000000001,0.8041320935025076,0.2912280931176135,101.2123521299589,0.2912280931176135,0.2847126474825646,136.2,20548862153.319,17219302729.887,,0.433552824636138,433459175.540628,,137.923936202659,143.857336014608,2714.384042376386,78.23701462375101,,False,0.0255249394339607,0.0052248129192777,0.2847126474825646,0.0,0.6374240883268615,0.6231634380252197,1.760040252669587,0.0,0.6374240883268615,0.0,0.1141384322055744,-0.0050092706533544,0.0606244218380354,0.4625126033166225,0.0219560130865412,137.92,3.392155347584413,1,0.2912280931176135,0,0,0.0
Dominican Republic,DOM,1991,,,-0.0595978644311211,-0.775070464125905,1.1941666666666666,47.079157410536,47.079,-1.591,0.0112482540803417,0.0196335438972424,12.5759189640769,,9824483339.94518,9.887,102.961441237933,0.945,1345.84673690623,,,20.02,,,35.26,,,,6.2,,35.4813293845609,16.711,231.0024057845608,-0.0595978644311211,-0.000670371921767,19.39166666666667,0.0,0.0,85.36361333169341,-0.000670371921767,-0.0011701172874903,,,,448222017.239554,,,9.237,,62.4573407534626,,,20.02,False,,,0.0,-0.0011701172874903,-0.0087181895106565,-0.015217379980872,0.0,-0.775070464125905,0.0,-0.0087181895106565,,,0.0571476463138012,0.3990981883908845,0.0006428112458311,17.36,38.606917776058495,0,-0.0,0,0,-0.0
Dominican Republic,DOM,1992,,,-0.0828962751108572,-0.9716642309346012,1.0991666666666666,4.25902638893392,4.259,-6.1,0.0112482540803417,0.0196335438972424,12.5,,11605382504.0,11.605,5.552601184588,11.237,1558.29782071075,,,16.7,,,28.34,,,,5.58,,26.8970573434607,17.955,244.2139763836201,-0.0828962751108572,-0.0009324383647608,19.025,0.0,0.0,86.03400377279208,-0.0009324383647608,-0.0016275476563069,,,,505794750.360939,,,9.537,,64.3490609806525,,,16.7,False,0.0078533512691614,,0.0,-0.0016275476563069,-0.0109295261503322,-0.0190772123314348,0.0,-0.9716642309346012,0.0,-0.0109295261503322,-0.000670371921767,,0.0237729730844122,0.4202906129962634,0.0002674044414985,18.1,4.174322903957606,0,-0.0,0,0,-0.0
Dominican Republic,DOM,1993,,,0.0172871648143125,-0.8892070320380963,1.1183333333333334,5.25033880690971,5.25,-4.074,0.0112482540803417,0.0196335438972424,12.5,,13081042400.0,13.081,4.98162926671985,7.367,1722.41995993981,,,14.04,,,29.89,,,,5.0,,19.592203259228,15.684,267.951974397605,0.0,0.0,16.849999999999998,0.0172871648143125,0.0001944504221601,89.77522748876075,0.0001944504221601,0.0003394083092406,,,,658256133.767187,,,9.337,,66.2484245218916,,,14.04,False,0.0434854075354775,,0.0003394083092406,0.0,-0.010002026626391,-0.0174582852972566,0.0,-0.8892070320380963,0.0,-0.010002026626391,-0.0009324383647608,-0.000670371921767,0.0391319842297512,0.396084802070798,0.0004401665012841,19.05,5.115516330092973,0,0.0,0,0,0.0
Dominican Republic,DOM,1994,,,0.222248963510401,1.4950211144350354,1.3966666666666665,8.26076798575834,8.261,-1.932,0.0112482540803417,0.0196335438972424,12.6167803030303,,14644734599.4778,14.645,10.1429299506263,2.594,1891.67055679,,,13.7,,,28.68,,,,4.87,,11.4481435881555,19.072,289.5274536573688,0.0,0.0,15.891666666666666,0.222248963510401,0.0024999128106575,94.0618247416415,0.0024999128106575,0.0043635347811981,,,,259100074.739565,,,7.387,,67.9758134970225,,,13.7,False,0.0477481079445596,,0.0043635347811981,0.0,0.0168163773506409,0.0293525626775646,1.4950211144350354,0.0,0.0168163773506409,0.0,0.0001944504221601,-0.0009324383647608,-0.0246540126823049,0.4105678170613156,-0.0002773145987505,20.62,7.919437701610388,0,0.0,0,0,0.0
Dominican Republic,DOM,1995,,,0.0259142887654703,1.180041698704018,1.4333333333333331,12.5359594558963,12.536,-1.099,0.0112482540803417,0.0196335438972424,12.87,,16637370839.1608,16.637,9.63728379072515,5.7,2109.16940728689,,,14.9425,,,30.6825,,,,4.6625,,16.6467980089514,18.951,283.2072950024613,0.0,0.0,17.175,0.0259142887654703,0.0002914905043453,98.90979687749468,0.0002914905043453,0.0005087893260426,,,,372632170.279792,,,7.287,,69.8828203523109,,,14.9425,False,0.0515402731040892,,0.0005087893260426,0.0,0.0132734088524208,0.0231684004920819,1.180041698704018,0.0,0.0132734088524208,0.0,0.0024999128106575,0.0001944504221601,-0.0742450772516676,0.5103884940970569,-0.0008351274931413,23.2,11.789080008345064,0,0.0,0,0,0.0
Dominican Republic,DOM,1996,,64295656.0,0.0161479864079822,0.8815264538792391,1.4566666666666668,5.39929385038922,5.399,-1.166,0.0112482540803417,0.0196335438972424,12.8963492063492,,18241622547.5908,18.242,3.68600909129697,5.961,2270.86558687203,,,13.91166666666667,,,23.73416666666666,14.69916666666666,,,4.995,,17.1300203587042,18.888,288.8442495011302,0.0,0.0,20.425,0.0161479864079822,0.0001816366540028,102.6055599968915,0.0001816366540028,0.0003170421999931,,,,357007063.780119,,,7.537,,71.9312285175105,,,13.91166666666667,False,0.03736498543187,,0.0003170421999931,0.0,0.0099156335317763,0.0173074883288185,0.8815264538792391,0.0,0.0099156335317763,0.0,0.0002914905043453,0.0024999128106575,0.0898974209114555,0.5060119144911213,0.0010111890315794,24.46,5.288685158676199,0,0.0,0,0,0.0
Dominican Republic,DOM,1997,,62868692.0,0.1057608931619591,1.181717783132627,1.6191666666666666,8.29656754792046,8.297,-0.814,0.0112482540803417,0.0196335438972424,14.0059210526316,-0.641,20017450041.3075,20.017,9.43697720656836,8.9,2448.89393535363,13.848,13.172,13.39833333333333,,,21.00666666666666,13.01,,,4.744166666666665,,24.1189129279194,21.287,274.0071738410398,0.0,0.0,19.166666666666668,0.1057608931619591,0.0011896253980495,102.4999410853878,0.0011896253980495,0.0020764611385068,,,,396257894.564957,,,7.187,,73.6127576083459,,,13.39833333333333,False,-0.0010293683062292,,0.0020764611385068,0.0,0.0132922618759339,0.0232013079692865,1.181717783132627,0.0,0.0132922618759339,0.0,0.0001816366540028,0.0002914905043453,-0.0150484099710244,0.4778125096326485,-0.0001692683388592,26.49,7.972817302495194,0,0.0,0,0,0.0
Dominican Republic,DOM,1998,,,0.0343989403952119,1.2938843190083755,1.6758333333333333,4.83166558591895,4.832,-1.561,0.0112482540803417,0.0196335438972424,14.7031108444695,-0.289,21672215546.7642,21.672,6.51330700198966,6.706,2607.85457321405,13.249,12.596,17.645,,,25.6425,16.68333333333333,,,4.505,,17.7236248390297,26.508,267.3276690808657,0.0,0.0,13.066666666666668,0.0343989403952119,0.0003869280216598,102.6402817422467,0.0003869280216598,0.000675373106268,,,,507121243.385005,,,7.387,,74.755433058709,,,17.645,False,0.0013691779270583,,0.000675373106268,0.0,0.0145539395707761,0.0254035345752046,1.2938843190083755,0.0,0.0145539395707761,0.0,0.0011896253980495,0.0001816366540028,0.0715628216471024,0.4876042746482255,0.0008049568005927,27.77,4.718899803472976,0,0.0,0,0,0.0
Dominican Republic,DOM,1999,,,-0.3896779030631943,-1.558798518646719,1.135,6.47054186846928,6.471,-1.939,0.0112482540803417,0.0196335438972424,15.834429906597,-0.788,22136579396.9218,22.137,3.8180230121107,5.957,2620.8896817272,15.977,13.402,16.06666666666667,,,25.045,15.29833333333334,,,4.5375,,21.8994482803002,25.174,247.3832987320778,-0.3896779030631943,-0.0043831960631495,18.091666666666665,0.0,0.0,98.99287633296258,-0.0043831960631495,-0.0076507582155766,,,,699283161.340443,,,6.287,,76.391102265249,,,16.06666666666667,False,-0.0355358086257361,,0.0,-0.0076507582155766,-0.0175337617977986,-0.0306047391428069,0.0,-1.558798518646719,0.0,-0.0175337617977986,0.0003869280216598,0.0011896253980495,-0.2053324825201947,0.5368022025081163,-0.0023096319343344,29.56,6.246579476129277,0,-0.0,0,0,-0.0
Dominican Republic,DOM,2000,,,-0.2246130592935695,-1.3747722248362335,0.9066666666666668,7.72413566181616,7.723,-4.223,0.0112482540803417,0.0196335438972424,16.1814576782866,-0.859,24305780628.6677,24.306,7.21804471469494,4.652,2831.45883638033,16.707,14.093,17.65333333333333,,,26.79916666666668,18.28333333333334,,,4.285,,16.7982485218143,23.669,247.3290624924092,-0.2246130592935695,-0.0025265047606969,28.23333333333333,0.0,0.0,103.4849885531382,-0.0025265047606969,-0.0044099503595342,,,,632133042.125822,,,8.05,,78.9707207568715,,,17.65333333333333,False,0.0453781361505891,,0.0,-0.0044099503595342,-0.0154637872875546,-0.0269916508250319,0.0,-1.3747722248362335,0.0,-0.0154637872875546,-0.0043831960631495,0.0003869280216598,0.0851699534866394,0.5504658633469912,0.0009580132768286,31.85,7.461528593817146,0,-0.0,0,0,-0.0
Dominican Republic,DOM,2001,,42682000.0,0.163299874480846,-0.6175967524869918,1.0675,8.88306848812961,8.884,-2.894,0.0112482540803417,0.0196335438972424,16.690961523126,-0.728,25601823687.5742,25.602,6.03054152848483,2.469,2935.89367312668,20.351,14.892,15.605,,,24.26333333333334,13.47166666666666,,,4.290833333333332,,37.5664449845038,23.877,243.9172818596226,0.0,0.0,24.34166666666667,0.163299874480846,0.0018368384794484,108.2471644615224,0.0018368384794484,0.0032061552540338,,,,1104534582.92325,,,9.083,,81.2025684592531,,,15.605,False,0.0460180358037038,,0.0032061552540338,0.0,-0.0069468851911676,-0.0121256129507477,0.0,-0.6175967524869918,0.0,-0.0069468851911676,-0.0025265047606969,-0.0043831960631495,0.0766707334444198,0.4971579782978531,0.0008624118903089,34.68,8.512576989416853,0,0.0,0,0,0.0
Dominican Republic,DOM,2002,0.0124897351471209,67160147.0,0.5098884165746165,1.1961792687208084,1.7775,5.22336769759447,5.223,-2.928,0.0112482540803417,0.0196335438972424,17.5930436887674,-2.277,27137440786.2562,27.249,6.92946892508711,4.487,3065.60329524196,21.487,16.475,16.54,,,26.055,14.50166666666667,,,4.295833333333332,,5.4843812442903,24.029,230.3344659814852,0.0,0.0,24.933333333333334,0.5098884165746165,0.0057353544622544,105.6497646230963,0.0057353544622544,0.0100109166095131,,5377227475.915,9643058427.834,474683747.711389,0.553489403147995,551223380.8121033,8.479,,82.490466876552,,,16.54,False,-0.0239950843178841,,0.0100109166095131,0.0,0.013454928340209,0.0234852381814014,1.1961792687208084,0.0,0.013454928340209,0.0,0.0018368384794484,-0.0025265047606969,0.043814842279044,0.4867141797683448,0.0004928404784447,36.49,5.087509853601535,0,0.0,0,0,0.0
Dominican Republic,DOM,2003,0.0139668898322295,78032862.0,-0.0151160176263501,1.039447246619466,1.7508333333333332,27.4497127394395,27.45,4.815,0.0112482540803417,0.0196335438972424,29.3699996161352,-4.242,21403167848.1444,21.518,33.4664803488832,-1.349,2383.26171780393,48.15,17.224,20.4975,,,31.39166666666668,24.24,,,4.2575,,87.1990375729933,24.225,143.435151649755,-0.0151160176263501,-0.0001700288069441,28.916666666666668,0.0,0.0,79.92047317971492,-0.0001700288069441,-0.0002967809956184,,5586989153.443,8263681758.526,279543949.78349,0.6471318176000669,643678358.210289,8.674,,84.3630788186188,,,20.4975,False,-0.2435338264611396,,0.0,-0.0002967809956184,0.0116919667330874,0.0204080331453711,1.039447246619466,0.0,0.0116919667330874,0.0,0.0057353544622544,0.0018368384794484,0.0922984513720468,0.4989132948326338,0.0010381964322548,46.5,24.24140621449542,0,-0.0,0,0,-0.0
Dominican Republic,DOM,2004,0.0099360875069921,59917139.889,-0.1218369341377534,0.3483493414015277,1.55,51.4608598338065,51.461,4.628,0.0112482540803417,0.0196335438972424,41.9303145729387,-3.599,22322387382.494,22.506,45.1444720430555,2.586,2451.69161616569,34.346,17.333,21.1175,,,32.63083333333332,36.76166666666668,7.000000000000001,,4.365,,15.6564029448711,25.255,94.61749045267284,-0.1218369341377534,-0.0013704527915513,37.73333333333333,0.0,0.0,79.96636096120334,-0.0013704527915513,-0.002392090794699,,6030254851.0,8557731837.549,826423250.968921,0.6535137321373345,648182115.371412,7.879,,86.6216781201727,,,21.1175,False,0.0005741680405875,,0.0,-0.002392090794699,0.003918321900804,0.0068393320859824,0.3483493414015277,0.0,0.003918321900804,0.0,-0.0001700288069441,0.0057353544622544,0.0364603401082863,0.5268656094428527,0.0004101151693936,70.43,41.51669961640088,0,-0.0,0,0,-0.0
Dominican Republic,DOM,2005,0.0077344094344628,48628790.835,-0.0075553516444496,0.0052691144906505,1.538333333333333,4.19020260472056,4.19,-1.316,0.0112482540803417,0.0196335438972424,30.2828081770082,-0.714,35777560683.9366,35.948,5.77781797326745,9.432,3878.31206735244,38.322,15.501,13.82166666666667,,,24.10916666666666,12.56916666666667,10.0,,4.1225,,7.43751146680473,23.458,125.8632764774028,-0.0075553516444496,-8.498451496309696e-05,53.38333333333333,0.0,0.0,106.8586853849104,-8.498451496309696e-05,-0.0001483383281704,92.0,6287330823.0,10575285810.577,1929853894.76764,0.4713182316296922,469083582.7744798,8.237,,89.5605323721102,,,13.82166666666667,False,0.3362954634981352,,0.0,-0.0001483383281704,5.926833856924733e-05,0.0001034513906517,0.0052691144906505,0.0,5.926833856924733e-05,0.0,-0.0013704527915513,-0.0001700288069441,0.0466713052969325,0.5010871027979699,0.000524970700241,73.38,4.103211016981678,0,-0.0,0,0,-0.0
Dominican Republic,DOM,2006,0.0121141484809032,82302750.455,0.0351286785485493,-0.4277234890696032,1.5933333333333335,7.57280523853074,7.573,-3.388,0.0112482540803417,0.0196335438972424,33.300035201723,-1.687,37879830084.2627,37.998,6.64432069580805,9.171,4055.14270347371,36.022,16.95,9.794166666666667,,,19.475,10.59583333333333,8.0,,3.54,,5.96232391597341,23.539,113.3684288638191,0.0,0.0,64.29166666666667,0.0351286785485493,0.0003951363018207,100.5193607055555,0.0003951363018207,0.000689700452335,94.9,6793936081.0,14226532771.348,2275420935.30921,0.5549251093679277,553199348.7117217,7.075,,92.4497050827274,,,9.794166666666667,False,-0.0593243745842495,,0.000689700452335,0.0,-0.0048111424811851,-0.0083977278985297,0.0,-0.4277234890696032,0.0,-0.0048111424811851,-8.498451496309696e-05,-0.0013704527915513,0.0668722669268504,0.4983471213725363,0.0007521962493216,78.94,7.3036651307565315,0,0.0,0,0,0.0
Dominican Republic,DOM,2007,0.0154213765219298,111760630.342,0.2032823448964489,1.566573075667569,1.9525,6.14356655248047,6.144,-4.916,0.0112482540803417,0.0196335438972424,33.1718705755495,0.281,43965458508.5056,44.067,7.63416838812768,7.418,4649.64558875814,32.907,16.321,6.933333333333332,,,15.8275,8.240833333333333,7.000000000000001,,3.086666666666668,,17.1364713087271,22.718,110.4063401437733,0.0,0.0,71.125,0.2032823448964489,0.0022865714654429,100.6758350417602,0.0022865714654429,0.0039911528420588,98.1,7247124158.02,14737662590.922,3044764601.31634,0.5000467979809378,498894563.9354166,6.452,,95.0869923788515,,,6.933333333333332,False,0.0015566586884991,,0.0039911528420588,0.0,0.0176212119905312,0.0307573812493573,1.566573075667569,0.0,0.0176212119905312,0.0,0.0003951363018207,-8.498451496309696e-05,-0.0487167385062576,0.4730573659334207,-0.0005479782526839,83.79,5.962559839049408,0,0.0,0,0,0.0
Dominican Republic,DOM,2008,0.0182255450621236,125011480.146,0.2773859711995169,1.6514400008754295,2.5766666666666667,10.6446210953712,10.644,-9.382,0.0112482540803417,0.0196335438972424,34.5293609573506,-3.43,48091433554.186,48.174,10.2576061830133,3.268,5023.58513403515,33.629,18.492,10.09583333333333,,,19.945,12.23916666666666,9.5,,3.009166666666668,,5.4118994816359,20.516,103.8284975760706,0.0,0.0,96.99166666666667,0.2773859711995169,0.0031201078823745,99.76447120273691,0.0031201078823745,0.0054460696420249,92.1,6859135335.59,17509468500.462,2694510025.16655,0.5067140244134165,505845556.4423133,5.959,,98.7374773853445,,,10.09583333333333,False,-0.0090524587021826,,0.0054460696420249,0.0,0.0185758167282866,0.0324236197508499,1.6514400008754295,0.0,0.0185758167282866,0.0,0.0022865714654429,0.0003951363018207,0.0696786420191273,0.483645039456313,0.0007837630694043,92.71,10.116267299369586,0,0.0,0,0,0.0
Dominican Republic,DOM,2009,0.0282161444103092,156008179.33,0.1144715359777107,1.297066385192554,2.8891666666666667,1.44215131834353,1.442,-4.77,0.0112482540803417,0.0196335438972424,35.97186554526,-2.896,48223781476.8909,48.281,3.42647998492123,1.003,4973.95186999952,36.763,16.156,7.6325,,,18.13583333333334,8.08,4.0,,2.870833333333332,,13.5313743668962,18.602,103.2021724289667,0.0,0.0,61.75833333333333,0.1144715359777107,0.0012876049216442,99.57864204065858,0.0012876049216442,0.0022474819266031,97.8,5529039583.204,13165668011.332,3580178695.74604,0.3876657330055008,387206304.6443944,6.835,,98.3864199710624,,,7.6325,False,-0.001862678765677,,0.0022474819266031,0.0,0.0145897322597162,0.0254660098113156,1.297066385192554,0.0,0.0145897322597162,0.0,0.0031201078823745,0.0022865714654429,0.0334383288553787,0.4591740859156752,0.0003761228189873,94.05,1.4350214128148409,0,0.0,0,0,0.0
Dominican Republic,DOM,2010,0.0374399645738798,178466340.0,0.081395212785313,1.0956237748700806,3.1341666666666668,6.32993220146146,6.33,-7.47,0.0112482540803417,0.0196335438972424,36.8212918670815,-2.975,53801053352.5005,53.862,5.3493113436178,8.401,5478.62470398954,37.352,16.067,4.82,,,12.13666666666667,6.254166666666668,5.0,,2.741666666666668,,12.3379520802011,18.601,100.0,0.0,0.0,79.03333333333333,0.081395212785313,0.0009155540343326,100.0000000000001,0.0009155540343326,0.0015980764832458,95.8,4766733677.0,15138222512.0,3874458746.77531,0.3699733545844206,369554717.4074487,6.52,,100.0,,,4.82,False,0.0042314089719106,,0.0015980764832458,0.0,0.0123238545962018,0.0215109774787742,1.0956237748700806,0.0,0.0123238545962018,0.0,0.0012876049216442,0.0031201078823745,0.0503936549154069,0.4466360243944612,0.0005668406345255,100.0,6.134363024105216,0,0.0,0,0,0.0
Dominican Republic,DOM,2011,0.0282547540670677,172707868.0,-0.0507197033422284,0.5830139577638375,2.9791666666666665,5.79676809206533,8.459,-7.514,0.0112482540803417,0.0196335438972424,38.0875848668099,-3.068,57948261615.957,58.006,7.96628942136113,3.192,5826.51014109195,39.108,15.988,7.555,,,15.55,8.287975,6.75,,2.743333333333332,,12.5686909059422,17.089,94.62395329244642,-0.0507197033422284,-0.0005705081100729,103.99166666666667,0.0,0.0,96.42269758579984,-0.0005705081100729,-0.0009958075220247,94.1,6112524200.0,18156132539.0,4114429337.35283,0.4187987018460831,418381835.3101403,7.613,,103.156841568622,,,7.555,False,-0.0357730241420025,,0.0,-0.0009958075220247,0.0065578891293132,0.0114466301324613,0.5830139577638375,0.0,0.0065578891293132,0.0,0.0009155540343326,0.0012876049216442,-0.022392514245551,0.4856084201187298,-0.0002518766897316,105.8,5.638033343610704,0,-0.0,0,0,-0.0
Dominican Republic,DOM,2012,0.0252153981214102,180755881.0,-0.2196531463744412,-1.3267103132643563,2.3916666666666666,3.69449707884777,3.694,-6.549,0.0112482540803417,0.0196335438972424,39.3203008432258,-6.265,60561635555.6383,60.627,4.97847501671956,2.776,6013.81965002603,42.404,19.824,7.050740675075905,,,15.4825,8.074825,5.0,,2.5875,,9.95364367457718,17.203,93.72602177306892,-0.2196531463744412,-0.0024707143999662,105.025,0.0,0.0,96.33182008154924,-0.0024707143999662,-0.00431256969151,94.7,7168472222.0,17430206196.0,3558641726.41412,0.4061759262660775,405738011.4140564,8.407,,105.291504532867,,,7.050740675075905,False,-0.0009424907882268,,0.0,-0.00431256969151,-0.0149231746946072,-0.0260480251744,0.0,-1.3267103132643563,0.0,-0.0149231746946072,-0.0005705081100729,0.0009155540343326,-0.0408772736886291,0.5126475628471345,-0.0004597979605613,109.71,3.629000140520056,0,-0.0,0,0,-0.0
Dominican Republic,DOM,2013,0.0215396180390294,171476565.0,0.0193242728264028,-0.9853850885501096,2.438333333333333,4.830950967408,4.831,-4.1,0.0112482540803417,0.0196335438972424,41.7945034252297,-4.413,62555417414.582,62.631,4.62859670880844,4.935,6136.59429329301,46.809,18.515,5.586190894386458,,,13.59140053666667,6.068775,6.25,,2.241666666666667,,11.950574689359,18.006,89.01817742610392,0.0,0.0,104.08333333333331,0.0193242728264028,0.0002173643306692,93.58204957906877,0.0002173643306692,0.0003794039588194,92.4,7960984484.0,17844950988.0,4700626508.01792,0.4125291867365032,412031349.8427296,9.196,,106.833848874866,,,5.586190894386458,False,-0.0285447788711213,,0.0003794039588194,0.0,-0.0110838618429916,-0.0193466013917367,0.0,-0.9853850885501096,0.0,-0.0110838618429916,-0.0024707143999662,-0.0005705081100729,-0.0209365687124982,0.5091967482581506,-0.0002354998444487,115.01,4.717856027509093,0,0.0,0,0,0.0
Dominican Republic,DOM,2014,0.0228727712334508,227076206.163,0.2276446841950015,0.7301763555111299,3.061666666666667,2.99864226125219,2.999,-3.234,0.0112482540803417,0.0196335438972424,43.5496726190476,-2.76,67014329099.5549,67.098,4.2157814645044,7.111,6496.45166971142,45.022,17.042,6.399526088982445,,,13.9025,6.452691666666665,6.25,,2.020833333333334,,9.26752299008154,19.16,86.88565721845283,0.0,0.0,96.24166666666667,0.2276446841950015,0.0025606052478645,91.69278969574668,0.0025606052478645,0.0044694719001164,92.1,9927795973.883,19171386344.365,4861785571.88809,0.4342232879033817,433681813.4407583,8.538,,108.566932118964,,,6.399526088982445,False,-0.0201882721293235,,0.0044694719001164,0.0,0.0082132091702471,0.0143359495286563,0.7301763555111299,0.0,0.0082132091702471,0.0,0.0002173643306692,-0.0024707143999662,0.0196424391309584,0.5264524429400053,0.0002209431461026,118.45,2.9471849500303904,0,0.0,0,0,0.0
Dominican Republic,DOM,2015,0.0281339262369042,264142022.18,0.0242012349301992,0.9373300204222236,3.1366666666666667,0.836746346724557,0.837,-1.802,0.0112482540803417,0.0196335438972424,45.0454990740741,-0.033,70966782572.4386,71.056,2.38116064893268,6.988,6800.95309395474,44.812,16.728,6.429166666666665,,,14.87666666666666,5.900958333333332,5.0,,1.786666666666666,,12.1113155236581,20.849,90.22113710818216,0.0,0.0,50.75,0.0242012349301992,0.0002722216395529,94.2584519177136,0.0002722216395529,0.0004751560083695,100.0,9388736572.2,18686637184.375,5266043354.25313,0.3956128873098813,395116158.4746538,7.328,,108.695721960694,,,6.429166666666665,False,0.0279810684185775,,0.0004751560083695,0.0,0.010543326226841,0.0184031101021629,0.9373300204222236,0.0,0.010543326226841,0.0,0.0025606052478645,0.0002173643306692,-0.0377077351002572,0.5510878022168729,-0.0004241461852019,119.44,0.8323222626140492,0,0.0,0,0,0.0
Dominican Republic,DOM,2016,0.0246218275070307,240929167.719,-0.0816158537355205,0.3068761429613504,2.890833333333333,1.61416607245223,1.614,-1.077,0.0112482540803417,0.0196335438972424,46.0644439393939,-3.109,75552902635.7075,75.625,2.0153931389807,6.72,7160.44200982307,46.685,17.009,6.693333333333332,,,15.08416666666667,6.051666666666668,5.5,,1.600833333333333,,9.75223379825405,21.096,90.80396494311616,-0.0816158537355205,-0.0009180358598011,42.80833333333334,0.0,0.0,94.154736204514,-0.0009180358598011,-0.0016024084470272,104.5,9785186239.738,19284430508.355,6134227406.75062,0.3847584372536634,384391626.4210645,7.08,,110.06700893427,,,6.693333333333332,False,-0.0011003332973275,,0.0,-0.0016024084470272,0.0034518208272245,0.0060250662238481,0.3068761429613504,0.0,0.0034518208272245,0.0,0.0002722216395529,0.0025606052478645,0.0550494634158944,0.5217494320915921,0.0006192103514884,121.37,1.6029577887335833,0,-0.0,0,0,-0.0
Dominican Republic,DOM,2017,0.01430493657341,146263089.898,-0.3539196114530595,-1.4579152427567046,2.029166666666667,3.27955694678546,3.28,-0.168,0.0112482540803417,0.0196335438972424,47.5343581962482,-3.124,79070274743.1658,79.153,3.90748393888811,3.934,7412.71571571512,49.48,17.264,6.003333333333332,,,13.91,6.300000000000002,5.25,,1.555833333333333,,9.71039798869414,21.013,87.83229520700166,-0.3539196114530595,-0.0039809777136398,52.81666666666666,0.0,0.0,91.86428913115084,-0.0039809777136398,-0.0069486962275586,103.6,10224658400.085,19559015612.619,6872905749.30285,0.3766734605317438,376279787.407982,5.509,,112.411557302308,,,6.003333333333332,False,-0.0243264137917402,,0.0,-0.0069486962275586,-0.0163990010781305,-0.0286240429171227,0.0,-1.4579152427567046,0.0,-0.0163990010781305,-0.0009180358598011,0.0002722216395529,-0.0234374425052035,0.5736667424666486,-0.0002636303082919,125.35,3.2266093486032155,0,-0.0,0,0,-0.0
Dominican Republic,DOM,2018,0.020413503323679,219608688.07,0.1220177254078842,-0.7903235680404951,2.2925,3.56443426013508,3.564,-1.553,0.0112482540803417,0.0196335438972424,49.5099928571429,-2.175,84994732049.3461,85.068,4.54050503974423,7.098,7882.98221584944,50.798,16.46,6.008966666666668,,,12.5337,5.696733333333335,5.5,,0.715458333333333,,6.63694029296926,23.649,84.17608266809432,0.0,0.0,68.35833333333333,0.1220177254078842,0.0013724863776932,88.82983237845959,0.0013724863776932,0.0023956403680373,104.4,10758010743.568,20349363184.119,7717561574.1843,0.3659917876984038,365676563.7805873,5.656,,115.157303224791,,,6.008966666666668,False,-0.0330319516037301,,0.0023956403680373,0.0,-0.0088897602990017,-0.0155168524661483,0.0,-0.7903235680404951,0.0,-0.0088897602990017,-0.0039809777136398,-0.0009180358598011,0.1085859528429598,0.5481223938028289,0.0012214023871336,129.82,3.503905100101967,0,0.0,0,0,0.0
Dominican Republic,DOM,2019,0.0172786725911562,195027821.727,0.021220001403217,-0.4286396408196857,2.341666666666667,1.81060377042959,1.811,-1.331,0.0112482540803417,0.0196335438972424,51.2948583333333,-3.457,89146130744.723,89.237,3.59545070493974,4.894,8183.01623600375,53.456,17.82,6.123208333333335,,,12.48676666666667,6.118725274323188,4.5,,0.4025249999999998,,11.6688562177909,23.904,83.46510211105192,0.0,0.0,61.41666666666666,0.021220001403217,0.0002386879673685,87.56554769879875,0.0002386879673685,0.0004166238290496,105.9,11287199331.899,21983287128.894,8870942286.35982,0.3732129054043374,372832865.9725562,6.167,,117.244195476228,,,6.123208333333335,False,-0.014232658621648,,0.0004166238290496,0.0,-0.0048214475888462,-0.0084157152041315,0.0,-0.4286396408196857,0.0,-0.0048214475888462,0.0013724863776932,-0.0039809777136398,-0.0059041029666317,0.5519386964851021,-6.641085028517255e-05,132.17,1.7940097164393265,0,0.0,0,0,0.0
Dominican Republic,DOM,2020,0.0195414628070933,192367550.36,0.0123785842326397,-0.0451892785972113,2.370833333333333,3.78103179915517,3.781,-1.691,0.0112482540803417,0.0196335438972424,56.5245333333334,-7.936,78546672406.8291,78.625,5.45467337342448,-7.929,7135.22273255899,71.812,22.177,4.647391666666665,,,10.97964166666667,5.372447483422018,3.0,,0.2938583333333332,,21.7508363792943,23.189,76.9256002199533,0.0,0.0,41.25,0.0123785842326397,0.0001392374606036,82.11804771324319,0.0001392374606036,0.0002430354769172,120.0,9844071155.726,17100579284.989,10844812012.4981,0.3430399992141786,342698256.79764706,5.829,,118.690501577198,,,4.647391666666665,False,-0.0622105397466759,,0.0002430354769172,0.0,-0.0005083004873687,-0.000887225685023,0.0,-0.0451892785972113,0.0,-0.0005083004873687,0.0002386879673685,0.0013724863776932,0.0816484681703606,0.527820633880912,0.0009184027152509,137.17,3.713205972059974,0,0.0,0,0,0.0
Dominican Republic,DOM,2021,0.0187183993086594,217942441.277,0.0232770627561453,0.8686551109659224,2.4266666666666667,8.24300347981809,8.243,-2.825,0.0112482540803417,0.0196335438972424,57.2211166666667,-2.92,94850719516.7127,95.067,7.22103350242185,14.012,8527.0754858205,62.821,18.419,2.485175,,,9.608308333333332,4.240731107822728,3.5,,0.2320166666666666,,13.7042096284029,27.45,74.6719586149308,0.0,0.0,69.08333333333333,0.0232770627561453,0.0002618263161251,83.06181752971399,0.0002618263161251,0.0004570112334216,102.5,11643220004.19,24186670739.513,13124643488.9252,0.3777503315342776,376890937.3778809,7.384,,124.266413825838,,,2.485175,False,0.0114928428372584,,0.0004570112334216,0.0,0.0097708533963321,0.0170547782527134,0.8686551109659224,0.0,0.0097708533963321,0.0,0.0001392374606036,0.0002386879673685,-0.0727700687236918,0.5676159669866041,-0.000818536222448,148.48,7.922923654757508,0,0.0,0,0,0.0
Dominican Republic,DOM,2022,0.0015274405551641,15024435.687,-0.0138314791484619,0.5545894960353657,2.393333333333333,8.81109209279587,8.812,-5.754,0.0112482540803417,0.0196335438972424,55.1409916666667,-3.249,113478103598.499,113.813,9.55123473466408,5.238,10104.2464008585,59.578,18.522,6.739166666666665,,,11.85005,7.987738703192865,8.5,,0.2036916666666666,,5.5682071599167,24.916,80.88957277749896,-0.0138314791484619,-0.0001555799917688,97.1,0.0,0.0,91.06622740218342,-0.0001555799917688,-0.0002715609530251,94.6,9836347238.656,26760023728.204,14522975012.3239,0.3224972025999214,321548249.9087099,5.293,,134.21120616846,,,6.739166666666665,False,0.0963669001055265,,0.0,-0.0002715609530251,0.0062381635616944,0.0108885572153599,0.5545894960353657,0.0,0.0062381635616944,0.0,0.0002618263161251,0.0001392374606036,0.0335831137462907,0.5410531493857447,0.0003777513962272,161.56,8.442632165732178,0,-0.0,0,0,-0.0
Dominican Republic,DOM,2023,0.017677490472656,210926999.373,0.3151563280040294,1.7834995632246495,3.28,4.78561281021135,4.786,-3.658,0.0112482540803417,0.0196335438972424,56.1576,-3.28,120456239153.739,120.794,5.7871768273554,2.192,10630.431743829,60.511,19.126,9.161816666666668,,,14.43454166666666,10.59643842034428,7.0,,0.23835,,14.482607305691,24.157,80.05000367317187,0.0,0.0,80.76666666666667,0.3151563280040294,0.0035449584524168,90.26377869914408,0.0035449584524168,0.0061876356003608,103.8,11931953786.046,31341173294.242,15546714438.2444,0.3592435508887029,358239043.9946355,5.305,,139.73579356326,,,9.161816666666668,False,-0.0088117046893291,,0.0061876356003608,0.0,0.0200612562393293,0.0350164169652839,1.7834995632246495,0.0,0.0200612562393293,0.0,-0.0001555799917688,0.0002618263161251,0.0255295083611937,0.4832922350134264,0.0002871623965929,169.29,4.673662995394601,0,0.0,0,0,0.0
Dominican Republic,DOM,2024,0.0359270078299145,464318691.076,0.8041320935025076,1.760040252669587,7.329999999999999,3.30223338951227,3.302,-3.344,0.0112482540803417,0.0196335438972424,59.5651333333333,-3.087,124282245638.568,124.613,4.27167538984344,4.954,10875.6618443092,58.792,19.465,9.770641666666668,,,15.2531,11.80547622119991,6.0,,0.26905,,11.281806143582,23.654,76.13743413455825,0.0,0.0,78.72500000000001,0.8041320935025076,0.0090450821018733,85.82601052086333,0.0090450821018733,0.0157879627569629,107.0,12923945497.331,32692547490.514,13471257812.8679,0.3670394975039703,366065282.0158812,5.136,,143.857336014608,,,9.770641666666668,False,-0.0491644405124248,,0.0157879627569629,0.0,0.0197973799536564,0.0345558275617021,1.760040252669587,0.0,0.0197973799536564,0.0,0.0035449584524168,-0.0001555799917688,0.0606244218380354,0.4625126033166225,0.000681918900308,174.88,3.248680377907043,0,0.0,0,0,0.0
Ecuador,ECU,1991,0.0395489068193485,112769720.0,-0.0595978644311211,-0.775070464125905,1.1941666666666666,48.71808067521902,48.804,-5.388,0.0295561309260467,0.0298866471162066,1046.24933333333,,16988535267.633818,13.139,6.889320315206888,5.113,1587.360499966719,,,,,,,,,,,,5.99120925658598,14.496,,-0.0595978644311211,-0.001761482284039,19.39166666666667,0.0,0.0,,-0.001761482284039,-0.0017811803431324,,2851399168.0,2327865088.0,1080977277.894119,0.3048682051987978,394190140.4977548,8.5,1.97273234368442,62.4573407534626,,,,False,,,0.0,-0.0017811803431324,-0.022908084114617,-0.0231642574515253,0.0,-0.775070464125905,0.0,-0.022908084114617,,,0.0571476463138012,0.3990981883908845,0.0016890633165661,1.97,39.28546005162347,0,-0.0,0,0,-0.0
Ecuador,ECU,1992,0.0244238875926008,74304472.0,-0.0828962751108572,-0.9716642309346012,1.0991666666666666,54.60782150935965,54.341,-0.849,0.0295561309260467,0.0298866471162066,1533.96166666667,,18094238119.05953,14.367,4.303229454243748,3.614,1655.4461319263166,,,,,,,,,,,,4.44176887599245,17.703,,-0.0828962751108572,-0.002450093160458,19.025,0.0,0.0,,-0.002450093160458,-0.0024774917214861,,3042286848.0,2501299712.0,1015827333.201433,0.3063730301062344,385855541.17073846,8.9,3.04999850078102,64.3490609806525,,,,False,,,0.0,-0.0024774917214861,-0.0287186352256595,-0.0290397859853827,0.0,-0.9716642309346012,0.0,-0.0287186352256595,-0.001761482284039,,0.0237729730844122,0.4202906129962634,0.0007026371049842,3.05,43.71080478694231,0,-0.0,0,0,-0.0
Ecuador,ECU,1993,0.0268644889509693,81130736.0,0.0172871648143125,-0.8892070320380963,1.1183333333333334,44.95505375921632,45.0,-5.058,0.0295561309260467,0.0298866471162066,1919.105,,18938717358.67934,16.783,2.641770831304328,2.0,1697.8888414144517,,,,,,,,,,,,46.7638003933287,16.109,,0.0,0.0,16.849999999999998,0.0172871648143125,0.0005109417065919,,0.0005109417065919,0.000516655394445,,3019999232.0,2552716288.0,1541717569.374479,0.2942498910807233,332045255.3178812,8.3,4.42112696646242,66.2484245218916,,,,False,,,0.000516655394445,0.0,-0.0262815194592793,-0.0265754167797719,0.0,-0.8892070320380963,0.0,-0.0262815194592793,-0.002450093160458,-0.001761482284039,0.0391319842297512,0.396084802070798,0.0011565900492905,4.42,37.099810547028646,0,0.0,0,0,0.0
Ecuador,ECU,1994,0.0264928563820922,101821320.0,0.222248963510401,1.4950211144350354,1.3966666666666665,27.31088179404955,27.443,-4.439,0.0295561309260467,0.0298866471162066,2196.72833333333,,22708673336.66833,20.238,15.008719392715465,4.258,1996.858947894442,,,,,,,,,,,,39.101536667076,15.731,,0.0,0.0,15.891666666666666,0.222248963510401,0.0065688194636916,,0.0065688194636916,0.006642276344378,,3843350016.0,3622003968.0,2002942790.09083,0.3287446110709375,368878050.4002372,5.696,5.62857572623781,67.9758134970225,,,,False,,,0.006642276344378,0.0,0.0441870397954461,0.0446811684783978,1.4950211144350354,0.0,0.0441870397954461,0.0,0.0005109417065919,-0.002450093160458,-0.0246540126823049,0.4105678170613156,-0.0007286772266906,5.63,24.196974606199227,0,0.0,0,0,0.0
Ecuador,ECU,1995,0.0304505148852228,132809832.0,0.0259142887654703,1.180041698704018,1.4333333333333331,22.93413441458025,22.886,-4.55,0.0295561309260467,0.0298866471162066,2564.49416666667,-2.024,24432884442.221107,21.98,5.222553353919295,2.253,2108.00698245316,,21.952,,,,,,,,,,6.77214905353615,13.467,,0.0,0.0,17.175,0.0259142887654703,0.0007659261116076,,0.0007659261116076,0.000774491203601,,4361497088.0,4195143424.0,1787782198.963678,0.3502100021073953,389292107.0063694,5.493,6.91944084891963,69.8828203523109,,,,False,,,0.000774491203601,0.0,0.0348774669450905,0.0352674898315759,1.180041698704018,0.0,0.0348774669450905,0.0,0.0065688194636916,0.0005109417065919,-0.0742450772516676,0.5103884940970569,-0.0021943972238647,6.92,20.63063274779793,0,0.0,0,0,0.0
Ecuador,ECU,1996,0.0334355937745767,163494400.0,0.0161479864079822,0.8815264538792391,1.4566666666666668,24.41145921506743,24.4,-0.238,0.0295561309260467,0.0298866471162066,3189.47416666667,-3.44,25226393196.598297,23.001,1.49015470317768,1.732,2135.847937430799,,22.735,,,,,,,,,,12.4290550752946,16.537,,0.0,0.0,20.425,0.0161479864079822,0.0004772720004663,,0.0004772720004663,0.0004826091714126,,4889830912.0,3733027328.0,2011360128.31461,0.3418189105671581,374890580.4095474,9.046,8.60857732966436,71.9312285175105,,,,False,,,0.0004826091714126,0.0,0.0260545112856284,0.0263458700506897,0.8815264538792391,0.0,0.0260545112856284,0.0,0.0007659261116076,0.0065688194636916,0.0898974209114555,0.5060119144911213,0.0026570199423729,8.61,21.85085488100609,0,0.0,0,0,0.0
Ecuador,ECU,1997,,,0.1057608931619591,1.181717783132627,1.6191666666666666,30.65756757221726,30.6,-1.767,0.0295561309260467,0.0298866471162066,3998.26666666667,-2.825,28162053026.513256,25.847,7.006173048843436,4.328,2340.7660002685748,,21.963,,,,,,,,,,9.08117135373454,16.242,,0.0,0.0,19.166666666666668,0.1057608931619591,0.0031258828051505,,0.0031258828051505,0.0031608384926263,,,4510621184.0,2212962682.55717,,,7.828,11.2477577415128,73.6127576083459,,,,False,,,0.0031608384926262,0.0,0.0349270055159055,0.0353175823754307,1.181717783132627,0.0,0.0349270055159055,0.0,0.0004772720004663,0.0007659261116076,-0.0150484099710244,0.4778125096326485,-0.0004447727753324,11.25,26.74438102107901,0,0.0,0,0,0.0
Ecuador,ECU,1998,0.0112060637107181,47099600.0,0.0343989403952119,1.2938843190083755,1.6758333333333333,36.09843316238856,36.1,-7.982,0.0295561309260467,0.0298866471162066,5446.5729,-5.099,27981896948.47424,26.292,-3.7826791813433545,3.267,2284.0157284776915,,21.532,,,,,,,,,,-16.3709640663276,14.012,,0.0,0.0,13.066666666666668,0.0343989403952119,0.0010166995860381,,0.0010166995860381,0.0010280689927631,,4203045888.0,5575400448.0,1738909755.159188,0.349456162818625,371917173.8931994,10.163,15.3080220521002,74.755433058709,,,,False,,,0.0010280689927631,0.0,0.0382422143357703,0.0386698640513966,1.2938843190083755,0.0,0.0382422143357703,0.0,0.0031258828051505,0.0004772720004663,0.0715628216471024,0.4876042746482255,0.002115120126039,15.31,30.81380810191629,0,0.0,0,0,0.0
Ecuador,ECU,1999,0.0238919823283798,106345142.0,-0.3896779030631943,-1.558798518646719,1.135,52.24200518582255,52.2,4.86,0.0295561309260467,0.0298866471162066,11786.8016666667,-4.825,19645272636.31816,18.891,-26.299992783516142,-4.739,1575.3023473097069,,24.129,,,,,,,,,,-50.8120267534888,20.86,,-0.3896779030631943,-0.0115173711219231,18.091666666666665,0.0,0.0,,-0.0115173711219231,-0.011646165977833,,4451080724.0,3017166537.0,1887630504.492575,0.3801549308709247,395333611.8257372,13.107,23.3052397264052,76.391102265249,,,,False,,,0.0,-0.011646165977833,-0.04607205310445,-0.04658726125206,0.0,-1.558798518646719,0.0,-0.04607205310445,0.0010166995860381,0.0031258828051505,-0.2053324825201947,0.5368022025081163,-0.006068833736737,23.31,42.03762433780733,0,-0.0,1,0,-0.0
Ecuador,ECU,2000,0.0158003074145549,76187017.0,-0.2246130592935695,-1.3747722248362335,0.9066666666666668,96.09637569260964,96.1,6.347,0.0295561309260467,0.0298866471162066,1.0,-0.32,17539454727.36368,17.531,-11.68345092667576,1.092,1382.2342175990902,,24.259,,,,,,,,,,47.0031496856126,23.514,,-0.2246130592935695,-0.0066386929881806,28.23333333333333,0.0,0.0,,-0.0066386929881806,-0.0067129312407985,,4821869284.0,3445927694.0,1178958455.543189,0.4713827827897769,471610117.96246654,7.625,45.7007304499548,78.9707207568715,,57.87047403385669,,False,,,0.0,-0.0067129312407985,-0.0406329478707522,-0.0410873323488427,0.0,-1.3747722248362335,0.0,-0.0406329478707522,-0.0115173711219231,0.0010166995860381,0.0851699534866394,0.5504658633469912,0.0025172942962164,45.7,67.32158448524936,0,-0.0,1,0,-0.0
Ecuador,ECU,2001,0.0185196932701212,86070118.0,0.163299874480846,-0.6175967524869918,1.0675,37.67674545180943,37.674,-2.383,0.0295561309260467,0.0298866471162066,1.0,0.033,23127055000.0,23.127,26.598216783547542,4.206,1791.303596850374,63.803,21.391,,,,,,,,,,31.7589466221808,16.108,,0.0,0.0,24.34166666666667,0.163299874480846,0.0048265124703628,,0.0048265124703628,0.0048804857227298,,4647491551.0,5362914097.0,1073533298.232218,0.432843941781606,432844971.1592511,9.554,62.9192783312019,81.2025684592531,,77.48434504602446,,False,,0.29186860963887,0.0048804857227298,0.0,-0.0182537704760067,-0.0184578962016939,0.0,-0.6175967524869918,0.0,-0.0182537704760067,-0.0066386929881806,-0.0115173711219231,0.0766707334444198,0.4971579782978531,0.0022660902358792,62.92,31.97657802899183,0,0.0,0,0,0.0
Ecuador,ECU,2002,0.0251535556076614,126516118.0,0.5098884165746165,1.1961792687208084,1.7775,12.48359800820948,12.485,-4.506,0.0295561309260467,0.0298866471162066,1.0,0.738,27054197000.0,27.054,11.48656242409936,4.928,2059.1585535974045,55.043,22.774,,,,,,,,,,36.1221621372832,15.15,,0.0,0.0,24.933333333333334,0.5098884165746165,0.015070328797954,,0.015070328797954,0.0152388551748069,,5029750862.0,6431064882.0,1004402765.698379,0.4236243176613226,423627402.3804244,7.828,70.7738681077356,82.490466876552,,85.79642083205755,,False,,0.1019013738311898,0.0152388551748069,0.0,0.035354431077335,0.0357497876919808,1.1961792687208084,0.0,0.035354431077335,0.0,0.0048265124703628,-0.0066386929881806,0.043814842279044,0.4867141797683448,0.0012949972149035,70.77,11.757110389761571,0,0.0,0,0,0.0
Ecuador,ECU,2003,0.0262737451394385,158653976.0,-0.0151160176263501,1.039447246619466,1.7508333333333332,7.929364874615559,7.929,-1.249,0.0295561309260467,0.0298866471162066,1.0,1.045,30965208000.0,30.965,11.24727983991356,2.885,2315.622152230139,47.198,21.271,,,,,,,,,,17.8917816670234,14.524,,-0.0151160176263501,-0.0004467709960448,28.916666666666668,0.0,0.0,,-0.0004467709960448,-0.000451767084601,,6038498705.0,6534347692.0,1165340428.483515,0.4060313884214825,406034115.84046507,10.163,76.3857863458771,84.3630788186188,,90.54409513681578,,False,,0.0538596807445728,0.0,-0.000451767084601,0.0307220389118036,0.0310655930556285,1.039447246619466,0.0,0.0307220389118036,0.0,0.015070328797954,0.0048265124703628,0.0922984513720468,0.4989132948326338,0.0027279851130235,76.39,7.641661546557543,0,-0.0,0,0,-0.0
Ecuador,ECU,2004,0.0200658738233379,152623467.0,-0.1218369341377534,0.3483493414015277,1.55,2.743231989267045,2.741,-1.362,0.0295561309260467,0.0298866471162066,1.0,1.942,35194947000.0,35.195,6.390619971269175,6.832,2586.2091466334664,40.2,21.29,,,,,,,,,,24.3693924046431,14.888,,-0.1218369341377534,-0.0036010283770035,37.73333333333333,0.0,0.0,,-0.0036010283770035,-0.0036412974562955,,7606121136.0,7861034225.0,1439913954.635657,0.4394709093041112,439470247.50674814,7.219,78.4812256721704,86.6216781201727,,90.60229191506907,,False,,0.000642538680486,0.0,-0.0036412974562955,0.0102958587424656,0.0104109938396304,0.3483493414015277,0.0,0.0102958587424656,0.0,-0.0004467709960448,0.015070328797954,0.0364603401082863,0.5268656094428527,0.0010776265858487,78.48,2.699201770383919,0,-0.0,0,0,-0.0
Ecuador,ECU,2005,0.0171798830547825,169554399.0,-0.0075553516444496,0.0052691144906505,1.538333333333333,2.168277011837205,2.17,1.177,0.0295561309260467,0.0298866471162066,1.0,0.661,40278849000.0,40.279,8.582991269326598,5.399,2909.0260601438827,35.758,22.045,,,,,,,,,,19.5599976030434,18.641,,-0.0075553516444496,-0.0002233069623956,53.38333333333333,0.0,0.0,,-0.0002233069623956,-0.0002258041284365,99.0,9869356995.0,9608701206.0,2147944603.19674,0.4835803078931078,483578495.02222,7.095,80.1829160470282,89.5605323721102,,89.52929814427694,,False,,-0.011913584525125,0.0,-0.0002258041284365,0.0001557346377499,0.0001574761653969,0.0052691144906505,0.0,0.0001557346377499,0.0,-0.0036010283770035,-0.0004467709960448,0.0466713052969325,0.5010871027979699,0.0013794232098456,80.18,2.1430291957253544,0,-0.0,0,0,-0.0
Ecuador,ECU,2006,0.0134318751825493,170958168.0,0.0351286785485493,-0.4277234890696032,1.5933333333333335,3.298748462582153,3.299,3.808,0.0295561309260467,0.0298866471162066,1.0,2.921,45690762000.0,45.691,8.716585828817443,4.341,3243.6701035933856,33.094,21.729,,,,,,,,,,12.9710023242866,21.926,,0.0,0.0,64.29166666666667,0.0351286785485493,0.0010382678224399,,0.0010382678224399,0.0010498784194391,107.9,12727796058.0,12113558389.0,2026480313.691291,0.5436843983254208,543681566.3259723,6.687,82.827948757383,92.4497050827274,,89.59244238071446,,False,,0.000705042714169,0.0010498784194391,0.0,-0.0126418514430866,-0.0127832209811358,0.0,-0.4277234890696032,0.0,-0.0126418514430866,-0.0002233069623956,-0.0036010283770035,0.0668722669268504,0.4983471213725363,0.0019764854766115,82.83,3.251620739581096,0,0.0,0,0,0.0
Ecuador,ECU,2007,0.0164643472305585,227213977.0,0.2032823448964489,1.566573075667569,1.9525,2.27618478002121,2.276,3.784,0.0295561309260467,0.0298866471162066,1.0,2.658,49848725000.0,49.849,7.063421716942344,1.902,3478.9248877067143,29.648,24.686,4.83,,,,,,,,,16.1067758524903,22.102,,0.0,0.0,71.125,0.2032823448964489,0.0060082396007132,,0.0060082396007132,0.0060754277068751,113.8,13800363526.0,13565297222.0,3520672992.457791,0.5489741362091006,548971107.7052699,6.923,84.7132659206024,95.0869923788515,,89.09027807198122,4.83,False,,-0.0056207520181832,0.0060754277068751,0.0,0.0463018389296503,0.046819616694227,1.566573075667569,0.0,0.0463018389296503,0.0,0.0010382678224399,-0.0002233069623956,-0.0487167385062576,0.4730573659334207,-0.0014398783015809,84.71,2.2443343833287166,0,0.0,0,0,0.0
Ecuador,ECU,2008,0.0153174351620499,288248480.0,0.2773859711995169,1.6514400008754295,2.5766666666666667,8.400095939874621,8.4,2.894,0.0295561309260467,0.0298866471162066,1.0,0.568,61139438000.0,61.139,15.094116008240334,6.565,4194.757506619805,24.873,35.593,4.865,9.14,,,,,,1.495833333333333,,23.9021771334509,24.46,,0.0,0.0,96.99166666666667,0.2773859711995169,0.0081984560818215,,0.0081984560818215,0.0082901366362262,131.2,18818325454.0,18851930298.0,4472854631.28031,0.6161367684145216,616141182.4203863,5.95,91.8292615317341,98.7374773853445,,93.00345113472002,4.865,False,,0.0429863854645722,0.0082901366362262,0.0,0.0488101768823848,0.0493560045397518,1.6514400008754295,0.0,0.0488101768823848,0.0,0.0060082396007132,0.0010382678224399,0.0696786420191273,0.483645039456313,0.0020594310662664,91.83,8.070538318197151,0,0.0,0,0,0.0
Ecuador,ECU,2009,0.0288775250329146,400330570.0,0.1144715359777107,1.297066385192554,2.8891666666666667,5.159968291810473,5.16,0.521,0.0295561309260467,0.0298866471162066,1.0,-3.714,60094978000.0,60.095,-2.7691259490032536,1.091,4053.36331139298,19.667,34.296,4.78,9.19,,,,,,1.399166666666667,,7.08888037387183,21.694,,0.0,0.0,61.75833333333333,0.1144715359777107,0.0033833357046628,,0.0033833357046628,0.0034211704006159,108.5,13863049882.0,15089885150.0,3792122231.634897,0.4817862656010956,481786089.2253931,6.47,96.5676223093753,98.3864199710624,,98.15137326653206,4.78,False,,0.0538743106925938,0.0034211704006159,0.0,0.0383362639005252,0.0387649653405435,1.297066385192554,0.0,0.0383362639005252,0.0,0.0081984560818215,0.0060082396007132,0.0334383288553787,0.4591740859156752,0.0009883076255977,96.57,5.032909235339567,0,0.0,0,0,0.0
Ecuador,ECU,2010,0.0241974133096829,423210865.0,0.081395212785313,1.0956237748700806,3.1341666666666668,3.554377345678426,3.554,-2.322,0.0295561309260467,0.0298866471162066,1.0,-1.385,68151329000.0,68.151,9.01371738601253,4.029,4520.30959039763,18.436,35.396,3.9025,8.68,,,,,,1.413333333333333,,16.4379505271689,21.168,,0.0,0.0,79.03333333333333,0.081395212785313,0.0024057275658361,,0.0024057275658361,0.0024326300014631,124.1,17489921736.0,20590848480.0,2622493356.38252,0.5587678299861181,558770527.4464058,5.02,100.0,100.0,,100.0,3.9025,False,,0.0186592738552793,0.0024326300014631,0.0,0.0323823997357496,0.0327445211316682,1.0956237748700806,0.0,0.0323823997357496,0.0,0.0033833357046628,0.0081984560818215,0.0503936549154069,0.4466360243944612,0.0014894414625217,100.0,3.4902052009265105,0,0.0,0,0,0.0
Ecuador,ECU,2011,0.026093196333695,582987863.0,-0.0507197033422284,0.5830139577638375,2.9791666666666665,4.4745326579584,4.475,-0.507,0.0295561309260467,0.0298866471162066,1.0,-0.127,78986648000.0,78.987,6.83751222954146,8.481,5153.691642437503,18.607,39.615,3.844166666666668,8.17,,,,,,1.425,,16.6188415782455,23.026,,-0.0507197033422284,-0.0014990781925131,103.99166666666667,0.0,0.0,,-0.0014990781925131,-0.0015158418756278,140.0,22342523911.0,24286061051.0,2957999383.644506,0.5903350267756646,590332395.9892135,4.21,104.474532657958,103.156841568622,,101.27736664800796,3.844166666666668,False,,0.0126927713589282,0.0,-0.0015158418756278,0.0172316368673806,0.0174243324195107,0.5830139577638375,0.0,0.0172316368673806,0.0,0.0024057275658361,0.0033833357046628,-0.022392514245551,0.4856084201187298,-0.0006618360828048,104.47,4.372976286132513,0,-0.0,0,0,-0.0
Ecuador,ECU,2012,0.0190026570514227,453251694.0,-0.2196531463744412,-1.3267103132643563,2.3916666666666666,5.101721809586659,5.102,-0.167,0.0295561309260467,0.0298866471162066,1.0,-2.835,87735048000.0,87.735,5.003235907948621,5.783,5634.083931910944,19.341,43.169,3.89,8.17,,,,,,1.41,,16.9591528897778,22.846,,-0.2196531463744412,-0.0064920971525611,105.025,0.0,0.0,,-0.0064920971525611,-0.0065646960736574,140.2,23852016735.0,25196517284.0,2486036143.683567,0.5590529114317005,559053217.290705,4.12,109.804532676033,105.291504532867,,104.28622248602902,3.89,False,,0.029276300881933,0.0,-0.0065646960736573,-0.0392124237197777,-0.0396509229579637,0.0,-1.3267103132643563,0.0,-0.0392124237197777,-0.0014990781925131,0.0024057275658361,-0.0408772736886291,0.5126475628471345,-0.0012081740530409,109.8,4.976058022601304,0,-0.0,0,0,-0.0
Ecuador,ECU,2013,0.0212828205794542,531169068.0,0.0193242728264028,-0.9853850885501096,2.438333333333333,2.72177577710371,2.722,-0.966,0.0295561309260467,0.0298866471162066,1.0,-8.165,96570334000.0,96.57,2.6668672801717577,7.211,6109.290315103414,23.426,46.73,3.89,8.17,,,,,,1.41,,13.9567237377983,23.917,,0.0,0.0,104.08333333333331,0.0193242728264028,0.0005711507377078,,0.0005711507377078,0.00057753772274,140.8,24957644407.0,27064498727.0,4345840333.46757,0.5386969370324431,538698800.1863934,4.15,112.793165848571,106.833848874866,,105.57811689503494,3.89,False,,0.0123118651960814,0.00057753772274,0.0,-0.0291241706897611,-0.0294498564150691,0.0,-0.9853850885501096,0.0,-0.0291241706897611,-0.0064920971525611,-0.0014990781925131,-0.0209365687124982,0.5091967482581506,-0.0006188039660087,112.79,2.686715357639536,0,0.0,0,0,0.0
Ecuador,ECU,2014,0.0276061056837096,710151402.0,0.2276446841950015,0.7301763555111299,3.061666666666667,3.589220166166633,3.589,-0.651,0.0295561309260467,0.0298866471162066,1.0,-8.106,102717794000.0,102.718,2.0529605157063173,4.226,6405.799793004407,28.163,45.934,4.0275,8.19,,,,,,1.229166666666666,,14.9406602713678,24.055,,0.0,0.0,96.24166666666667,0.2276446841950015,0.006728296090686,,0.006728296090686,0.0068035363444163,131.9,25724432491.0,27518177870.0,3941357097.573374,0.5183387248464467,518337685.32292295,3.8,116.841560903266,108.566932118964,,107.62168426684003,4.0275,False,,0.0191710306423784,0.0068035363444163,0.0,0.0215811879625905,0.0218225230697589,0.7301763555111299,0.0,0.0215811879625905,0.0,0.0005711507377078,-0.0064920971525611,0.0196424391309584,0.5264524429400053,0.0005805545026615,116.84,3.527779486771454,0,0.0,0,0,0.0
Ecuador,ECU,2015,0.0443183225373671,812381784.0,0.0242012349301992,0.9373300204222236,3.1366666666666667,3.966646232553579,3.966,-2.285,0.0295561309260467,0.0298866471162066,1.0,-6.866,97209558000.0,97.21,-5.475632656715348,0.12,5976.159680565097,36.438,44.088,4.375,9.12,,,,,,1.136666666666667,,-4.82660428444028,20.402,,0.0,0.0,50.75,0.0242012349301992,0.0007152948681689,,0.0007152948681689,0.0007232937681352,100.0,18330607692.0,21387292074.0,2487276599.564049,0.4085801909108567,408578333.1550253,4.77,121.476252276892,108.695721960694,,111.75808034176325,4.375,False,,0.0377143841210614,0.0007232937681352,0.0,0.0277038488045132,0.0280136515517857,0.9373300204222236,0.0,0.0277038488045132,0.0,0.006728296090686,0.0005711507377078,-0.0377077351002572,0.5510878022168729,-0.0011144947555478,121.48,3.894416265800782,0,0.0,0,0,0.0
Ecuador,ECU,2016,0.0446508591991043,750030158.0,-0.0816158537355205,0.3068761429613504,2.890833333333333,1.728264633245326,1.728,0.913,0.0295561309260467,0.0298866471162066,1.0,-10.292,97671433000.0,97.671,1.1711445039272377,-0.688,5917.63771271481,46.066,44.128,4.770833333333332,8.1,,,,,,1.259166666666666,,17.8334656509724,21.159,,-0.0816158537355205,-0.0024122488586481,42.80833333333334,0.0,0.0,,-0.0024122488586481,-0.0024392242196814,95.4,16797664624.0,16188692759.0,4215553160.056774,0.3377277917382455,337729288.97011393,5.21,123.575683382786,110.06700893427,,112.2731366822034,4.770833333333332,False,,0.0045980846307198,0.0,-0.0024392242196814,0.0090700714594458,0.0091714989930684,0.3068761429613504,0.0,0.0090700714594458,0.0,0.0007152948681689,0.006728296090686,0.0550494634158944,0.5217494320915921,0.0016270491481287,123.58,1.7139079455286144,0,-0.0,0,0,-0.0
Ecuador,ECU,2017,0.0352196482527185,672425930.3,-0.3539196114530595,-1.4579152427567046,2.029166666666667,0.4173355886668246,0.417,-0.387,0.0295561309260467,0.0298866471162066,1.0,-5.772,104467486000.0,104.467,0.9320316561248349,5.97,6233.322447977176,47.391,40.486,3.495833333333332,7.83,,,,,,1.158333333333333,,-20.0102446343362,22.093,,-0.3539196114530595,-0.0104604943734022,52.81666666666666,0.0,0.0,,-0.0104604943734022,-0.0105774705350025,103.4,19092352242.561,19844243617.71,2169697856.648205,0.3727149695195211,372716703.459188,4.62,124.09140868848,112.411557302308,,110.39025849874264,3.495833333333332,False,,-0.0169127311054486,0.0,-0.0105774705350025,-0.0430903337939963,-0.0435721983856083,0.0,-1.4579152427567046,0.0,-0.0430903337939963,-0.0024122488586481,0.0007152948681689,-0.0234374425052035,0.5736667424666486,-0.0006927201192554,124.09,0.4118389153694224,0,-0.0,0,0,-0.0
Ecuador,ECU,2018,0.0363905320658311,787926182.745,0.1220177254078842,-0.7903235680404951,2.2925,-0.2241032460055521,-0.224,-1.533,0.0295561309260467,0.0298866471162066,1.0,-2.803,107478961000.0,107.479,1.81939670683758,1.044,6303.918866583376,49.505,40.925,3.626666666666668,8.69,,,,,,1.215,,4.67651827876999,21.007,,0.0,0.0,68.35833333333333,0.1220177254078842,0.0036063718674538,,0.0036063718674538,0.0036467007011876,113.1,21651955550.406,23177496854.698,2158694032.414296,0.4170997931874686,417099641.8379777,3.69,123.813315813595,115.157303224791,,107.51668573890372,3.626666666666668,False,,-0.026375840014964,0.0036467007011876,0.0,-0.0233589068509452,-0.0236201215856475,0.0,-0.7903235680404951,0.0,-0.0233589068509452,-0.0104604943734022,-0.0024122488586481,0.1085859528429598,0.5481223938028289,0.003209380638956,123.81,-0.2258976353927799,0,0.0,0,0,0.0
Ecuador,ECU,2019,0.03421039586285,763896885.332,0.021220001403217,-0.4286396408196857,2.341666666666667,0.2660125154661552,0.266,-0.506,0.0295561309260467,0.0298866471162066,1.0,-3.468,107595830000.0,107.596,-0.0565742583910378,0.165,6205.057652467664,52.064,39.753,4.435,8.78,,,,,,1.0525,,8.85497141291489,20.543,,0.0,0.0,61.41666666666666,0.021220001403217,0.0006271811397243,,0.0006271811397243,0.0006341946937433,109.0,22329378718.518,22564309274.124,2939049266.084688,0.417243753709061,417243094.470445,3.84,124.142674729473,117.244195476228,,105.88385567850452,4.435,False,,-0.0153032594522448,0.0006341946937433,0.0,-0.0126689293441602,-0.0128106016851954,0.0,-0.4286396408196857,0.0,-0.0126689293441602,0.0036063718674538,-0.0104604943734022,-0.0059041029666317,0.5519386964851021,-0.0001745024402826,124.14,0.2661828552906087,0,0.0,0,0,0.0
Ecuador,ECU,2020,0.0459350052182119,935023633.905,0.0123785842326397,-0.0451892785972113,2.370833333333333,-0.3388723925621392,-0.339,2.093,0.0295561309260467,0.0298866471162066,1.0,-7.376,95865473000.0,95.865,-1.825956531876173,-9.245,5463.645153485981,63.551,40.2,4.775833333333332,8.5,,,,,,1.119166666666666,,9.95834870726081,19.678,,0.0,0.0,41.25,0.0123785842326397,0.0003658630562589,,0.0003658630562589,0.0003699543787591,94.5,20355361438.694,17917997364.652,7136589071.470746,0.3992402854294163,399242255.2896887,5.346,123.721989477427,118.690501577198,,104.2391664314911,4.775833333333332,False,,-0.0156548560899789,0.0003699543787591,0.0,-0.0013356202346727,-0.0013505560228708,0.0,-0.0451892785972113,0.0,-0.0013356202346727,0.0006271811397243,0.0036063718674538,0.0816484681703606,0.527820633880912,0.0024132128151543,123.72,-0.3389013168637156,0,0.0,0,0,0.0
Ecuador,ECU,2021,0.0352086792758755,940043564.243,0.0232770627561453,0.8686551109659224,2.4266666666666667,0.1332513860963892,0.133,2.839,0.0295561309260467,0.0298866471162066,1.0,-1.589,107179074000.0,107.179,2.1747440659328987,9.422,6061.323501817112,61.756,37.457,4.1625,7.44,,,,,,1.0725,,12.6046528073998,23.587,,0.0,0.0,69.08333333333333,0.0232770627561453,0.0006879799143944,,0.0006879799143944,0.0006956733604947,107.4,26699199844.372,25687187046.213,7912190379.515276,0.4887743935032039,488774730.9695463,4.68,123.886850743311,124.266413825838,,99.69455698378891,4.1625,False,,-0.0445768546230116,0.0006956733604947,0.0,0.0256740841892884,0.0259611887671278,0.8686551109659224,0.0,0.0256740841892884,0.0,0.0003658630562589,0.0006271811397243,-0.0727700687236918,0.5676159669866041,-0.0021508016786948,123.89,0.1373127310777988,0,0.0,0,0,0.0
Ecuador,ECU,2022,0.0300414470547854,1062877263.0,-0.0138314791484619,0.5545894960353657,2.393333333333333,3.466169722130768,3.466,1.954,0.0295561309260467,0.0298866471162066,1.0,0.044,116133121000.0,116.133,2.348068434399849,5.868,6515.585284183364,57.203,38.853,4.159166666666665,8.48,,,,,,1.045833333333334,,10.1204247321074,24.359,,-0.0138314791484619,-0.0004088050086128,97.1,0.0,0.0,,-0.0004088050086128,-0.0004133765364052,114.4,35380361707.0,33048920968.5,8459270681.865451,0.5892314103527796,589232024.2781982,3.8,128.180979253477,134.21120616846,,95.50691250966486,4.159166666666665,False,,-0.0429124543661778,0.0,-0.0004133765364052,0.0163915197550315,0.0165748205623638,0.5545894960353657,0.0,0.0163915197550315,0.0,0.0006879799143944,0.0003658630562589,0.0335831137462907,0.5410531493857447,0.0009925869067896,128.18,3.404145094843347,0,-0.0,0,0,-0.0
Ecuador,ECU,2023,0.0424081722803832,1320014754.7,0.3151563280040294,1.7834995632246495,3.28,2.215687642370582,2.216,1.991,0.0295561309260467,0.0298866471162066,1.0,-3.491,120792801000.0,120.793,2.140292197207259,1.833,6718.144793881096,54.491,39.569,5.863333333333332,9.94,,,,,,1.414166666666667,,5.21558916754545,22.719,,0.0,0.0,80.76666666666667,0.3151563280040294,0.0093148016926592,,0.0093148016926592,0.0094189659614958,108.0,31126424076.3,30895673812.6,4441563798.690961,0.5134585618964163,513457716.0009272,3.57,131.021069370666,139.73579356326,,93.76342741514632,5.863333333333332,False,,-0.0184237468111172,0.0094189659614958,0.0,0.0527133465972148,0.0533028220780037,1.7834995632246495,0.0,0.0527133465972148,0.0,-0.0004088050086128,0.0006879799143944,0.0255295083611937,0.4832922350134264,0.000754553491601,131.02,2.1914457227649287,0,0.0,0,0,0.0
Ecuador,ECU,2024,0.106295564767848,3354485703.356,0.8041320935025076,1.760040252669587,7.329999999999999,1.547325156153691,1.547,5.69,0.0295561309260467,0.0298866471162066,1.0,-1.285,123802374000.0,123.802,4.523548956011709,-1.944,6826.529413782201,54.134,38.341,7.086666666666665,10.43,,,,,,1.635833333333333,,12.4437691449418,25.196,,0.0,0.0,78.72500000000001,0.8041320935025076,0.0237670334373962,,0.0237670334373962,0.0240328121133259,112.0,31558096621.268,29489750199.383,6907743954.500867,0.4931072389666049,493108728.620305,3.38,133.0483913369,143.857336014608,,92.48634447352036,7.086666666666665,False,,-0.0137138740491487,0.0240328121133258,0.0,0.0520199801430146,0.052601701941855,1.760040252669587,0.0,0.0520199801430146,0.0,0.0093148016926592,-0.0004088050086128,0.0606244218380354,0.4625126033166225,0.0017918233491608,133.05,1.5375014119968,0,0.0,0,0,0.0
Ghana,GHA,1991,,,-0.0595978644311211,-0.775070464125905,1.1941666666666666,18.03143900898491,18.097,-1.369,0.3249068388631425,0.2329934560469137,0.0367633074820788,-1.473,6603185267.796426,17.795,20.04135924001397,4.774,418.25412134998646,17.306,7.085,21.32333333333333,,,,,20.0,,18.1625,29.23333333333332,39.0778235900456,23.404,2912.463256528047,-0.0595978644311211,-0.0193637537353096,19.39166666666667,0.0,0.0,144.0666727837776,-0.0193637537353096,-0.0138859124068223,,,,644302479.7722754,,,,2.22007896670963,62.4573407534626,,138.2615215958497,21.32333333333333,False,,,0.0,-0.0138859124068223,-0.2518256943953365,-0.18058634611658,0.0,-0.775070464125905,0.0,-0.2518256943953365,,,0.0571476463138012,0.3990981883908845,0.018567661112286,2.22,16.62354190423304,1,-0.0193637537353096,0,0,-0.0
Ghana,GHA,1992,,,-0.0828962751108572,-0.9716642309346012,1.0991666666666666,10.05611674488413,10.049,-2.079,0.3249068388631425,0.2329934560469137,0.0436851673835125,-4.501,6416103925.832665,17.666,11.150082868787024,4.473,396.42640764051737,21.327,9.204,16.32333333333333,,,,,30.0,,13.53166666666667,19.37666666666666,52.2838288895183,21.317,2587.289009080059,-0.0828962751108572,-0.026933566699798,19.025,0.0,0.0,127.0325156502251,-0.026933566699798,-0.0193142896314943,,,,411555106.1675857,,,,2.44333269943057,64.3490609806525,,124.29033686227972,16.32333333333333,False,-0.1258331154341991,-0.1065267207323303,0.0,-0.0193142896314943,-0.3157003537093477,-0.2263914072826192,0.0,-0.9716642309346012,0.0,-0.3157003537093477,-0.0193637537353096,,0.0237729730844122,0.4202906129962634,0.0077240015352349,2.44,9.44908434209223,1,-0.026933566699798,0,0,-0.0
Ghana,GHA,1993,,,0.0172871648143125,-0.8892070320380963,1.1183333333333334,24.95984247424968,24.942,-3.784,0.3249068388631425,0.2329934560469137,0.0648711875896057,-5.388,5968922939.3719845,14.532,31.7572123690249,4.772,359.80084409752834,34.129,12.098,23.62916666666666,,,,,35.0,,18.495,30.95333333333332,33.5006446907483,20.022,2026.826712561746,0.0,0.0,16.849999999999998,0.0172871648143125,0.0056167180727244,110.8290594057168,0.0056167180727244,0.0040277962753392,,,,516970166.3194885,,,,3.05318469233027,66.2484245218916,,101.59133066274175,23.62916666666666,False,-0.1364540734994106,-0.2016620516653384,0.0040277962753392,0.0,-0.2889094458743749,-0.2071794195357747,0.0,-0.8892070320380963,0.0,-0.2889094458743749,-0.026933566699798,-0.0193637537353096,0.0391319842297512,0.396084802070798,0.0127142492945308,3.05,22.31435513142098,1,0.0056167180727244,0,0,0.0
Ghana,GHA,1994,,,0.222248963510401,1.4950211144350354,1.3966666666666665,24.87025543695763,24.874,-1.894,0.3249068388631425,0.2329934560469137,0.0955682388545159,-4.994,5446383726.770467,13.433,30.12892696854644,3.508,320.50390343252013,50.587,12.703,23.14666666666667,,,,,33.0,,17.63166666666666,27.715,52.5695180526964,21.62,1491.925752187148,0.0,0.0,15.891666666666666,0.222248963510401,0.0722102081747743,89.73073051796483,0.0722102081747743,0.0517825541111327,,,,689267656.9755899,,,,3.8125195242749,67.9758134970225,,83.92185127684073,23.14666666666667,False,-0.2111757063643722,-0.1910721795168353,0.0517825541111327,0.0,0.4857425843247397,0.3483301363153274,1.4950211144350354,0.0,0.4857425843247397,0.0,0.0056167180727244,-0.026933566699798,-0.0246540126823049,0.4105678170613156,-0.0080102573258995,3.81,22.24875985192893,1,0.0722102081747743,0,0,0.0
Ghana,GHA,1995,,,0.0259142887654703,1.180041698704018,1.4333333333333331,59.46155369914462,59.317,-0.918,0.3249068388631425,0.2329934560469137,0.1199138729601448,-4.521,6464382807.678836,15.692,43.04533057778039,4.233,371.5372430338355,47.556,12.969,28.73416666666668,,,,,45.0,,22.19,35.375,43.1718945131123,21.675,1146.430190406375,0.0,0.0,17.175,0.0259142887654703,0.0084197296441756,103.9680304387932,0.0084197296441756,0.0060378597004646,,,,803820975.1192161,,,,6.079502868492,69.8828203523109,,103.74309239800614,28.73416666666668,False,0.1472701496904616,0.2120315537337074,0.0060378597004646,0.0,0.3834036180526153,0.27494199366052,1.180041698704018,0.0,0.3834036180526153,0.0,0.0722102081747743,0.0056167180727244,-0.0742450772516676,0.5103884940970569,-0.0241227333509891,6.08,46.73755068394661,1,0.0084197296441756,0,0,0.0
Ghana,GHA,1996,0.3549730774403395,875701248.0,0.0161479864079822,0.8815264538792391,1.4566666666666668,46.56101967622823,44.487,-1.846,0.3249068388631425,0.2329934560469137,0.1635471675752014,-5.613,6932991739.377671,16.629,39.83774280948353,4.765,389.2712678988311,42.871,12.435,34.4975,,,,,45.0,,27.51416666666668,41.64,39.1983548906241,19.038,864.5600079236083,0.0,0.0,20.425,0.0161479864079822,0.0052465912178225,112.6448942851179,0.0052465912178225,0.0037623751613943,,2466951168.0,2480808448.0,930268682.1285188,0.7136543359626342,297538012.8690841,,8.91018139530741,71.9312285175105,,108.30712220878225,34.4975,False,0.0801568898929847,0.0430533379472937,0.0037623751613943,0.0,0.2864139735041393,0.2053898950861042,0.8815264538792391,0.0,0.2864139735041393,0.0,0.0084197296441756,0.0722102081747743,0.0898974209114555,0.5060119144911213,0.0292082868502903,8.91,38.21695455046423,1,0.0052465912178225,0,0,0.0
Ghana,GHA,1997,0.2807469951008769,458935936.0,0.1057608931619591,1.181717783132627,1.6191666666666666,27.88520864075274,24.825,-2.379,0.3249068388631425,0.2329934560469137,0.2047962778982158,-6.142,6891443192.249848,17.024,19.45816758897025,5.797,377.84193550146057,45.151,11.968,35.75916666666665,,,,,45.0,,27.49416666666668,42.77333333333332,44.0871618701727,21.355,749.7419124086024,0.0,0.0,19.166666666666668,0.1057608931619591,0.0343624374725947,120.2290804452363,0.0343624374725947,0.0246415960124132,,1634695808.0,3352422912.0,617628952.4931026,0.7236682623472162,292946353.3834586,,11.3948040676584,73.6127576083459,,108.08431918062897,35.75916666666665,False,0.0651585845100219,-0.0020592598806743,0.0246415960124132,0.0,0.3839481893459824,0.275332510364168,1.181717783132627,0.0,0.3839481893459824,0.0,0.0052465912178225,0.0084197296441756,-0.0150484099710244,0.4778125096326485,-0.0048893313136021,11.39,24.55615359763729,1,0.0343624374725947,0,0,0.0
Ghana,GHA,1998,0.4460024302625946,516464192.0,0.0343989403952119,1.2938843190083755,1.6758333333333333,14.62416666666746,19.208,-2.816,0.3249068388631425,0.2329934560469137,0.231165900582341,-5.271,7482069162.420078,18.528,17.04846524513364,5.01,400.366799508524,37.59,11.787,32.04916666666668,,,,,37.0,,23.47916666666667,34.3325,17.4893122804785,20.2,706.6925802725804,0.0,0.0,13.066666666666668,0.0343989403952119,0.0111764509840499,128.4191991072436,0.0111764509840499,0.0080147280070322,,1157985152.0,2911292416.0,456699772.5501495,0.543870616491841,219628538.86010364,,13.061199205853,74.755433058709,,108.08053750162918,32.04916666666668,False,0.0659009791749065,-3.4988841925986947e-05,0.0080147280070322,0.0,0.4203918639436011,0.3014665792106688,1.2938843190083755,0.0,0.4203918639436011,0.0,0.0343624374725947,0.0052465912178225,0.0715628216471024,0.4876042746482255,0.0232512501614869,13.06,13.68183463891941,1,0.0111764509840499,0,0,0.0
Ghana,GHA,1999,0.3582434339892808,454873920.0,-0.3896779030631943,-1.558798518646719,1.135,4.865397850775285,12.471,-5.033,0.3249068388631425,0.2329934560469137,0.2666429724071908,-5.644,7718109982.260925,19.165,13.97116504791201,4.529,403.03732612727305,51.661,11.106,23.5625,,,,,27.0,,14.75,26.36666666666668,25.4171404865604,2.192,630.2076877198896,-0.3896779030631943,-0.1266090156590805,18.091666666666665,0.0,0.0,117.8334943174557,-0.1266090156590805,-0.0907924013798078,,1269734144.0,3003758336.0,534753901.8904296,0.5536967586393648,222984214.9752153,,13.6966785113,76.391102265249,,96.15532038285411,23.5625,False,-0.0860273429658757,-0.1169118621237155,0.0,-0.0907924013798078,-0.5064642991180547,-0.3631898541403085,0.0,-1.558798518646719,0.0,-0.5064642991180547,0.0111764509840499,0.0343624374725947,-0.2053324825201947,0.5368022025081163,-0.0667139278115579,13.7,4.78417089857941,1,-0.1266090156590805,0,0,-0.0
Ghana,GHA,2000,0.1845682575226205,290531293.0,-0.2246130592935695,-1.3747722248362335,0.9066666666666668,40.24093312391401,25.113,-3.13,0.3249068388631425,0.2329934560469137,0.5449191758687661,-3.98,4982850662.208511,12.349,27.23011384356396,3.596,253.7469362033437,74.463,11.983,28.60416666666668,,,,,27.0,,15.83333333333334,36.27583333333332,54.2441562068798,29.395,343.6265923086568,-0.2246130592935695,-0.0729783190624532,28.23333333333333,0.0,0.0,86.00830658082367,-0.0729783190624532,-0.0523333729580791,,1574112997.0,2900560530.0,308900898.3862184,0.8980147771510223,362351083.2456069,,19.2083497512298,78.9707207568715,,63.829705062986406,28.60416666666668,False,-0.3148286831311866,-0.4097461261061461,0.0,-0.0523333729580791,-0.44667289772839,-0.3203129319418987,0.0,-1.3747722248362335,0.0,-0.44667289772839,-0.1266090156590805,0.0111764509840499,0.0851699534866394,0.5504658633469912,0.0276723003534648,19.21,33.8035143946386,1,-0.0729783190624532,0,0,-0.0
Ghana,GHA,2001,0.2427822614656524,252098913.0,0.163299874480846,-0.6175967524869918,1.0675,41.50949628780302,32.932,-3.26,0.3249068388631425,0.2329934560469137,0.7163051578089955,-3.637,5314872854.440497,13.113,34.81794406633034,3.828,263.5421564948529,57.769,13.784,30.85416666666668,,,,,27.0,,17.20833333333333,40.9625,56.5342181125258,30.772,263.3200970688211,0.0,0.0,24.34166666666667,0.163299874480846,0.0530572460043196,93.33605747752158,0.0530572460043196,0.0380478021273195,,1038374515.0,3153813464.0,375936405.5441891,0.7887654312365138,319697092.8849234,,27.1816389781647,81.2025684592531,,66.82496977982058,30.85416666666668,False,0.0817626215960745,0.0458581312034187,0.0380478021273195,0.0,-0.2006614085426911,-0.1438960018052945,0.0,-0.6175967524869918,0.0,-0.2006614085426911,-0.0729783190624532,-0.1266090156590805,0.0766707334444198,0.4971579782978531,0.024910845636745,27.18,34.70504319425323,1,0.0530572460043196,0,0,0.0
Ghana,GHA,2002,,,0.5098884165746165,1.1961792687208084,1.7775,9.360932395603127,14.846,-0.691,0.3249068388631425,0.2329934560469137,0.7924170843131672,-2.726,6166197847.850311,15.229,22.818584723063708,4.617,297.4616446877405,54.061,10.654,16.20833333333334,,,,,24.5,,11.13333333333334,25.10604199295388,39.2141694378057,26.804,234.1700525691992,0.0,0.0,24.933333333333334,0.5098884165746165,0.1656662336021918,88.55148626985958,0.1656662336021918,0.1188006643760083,,,2708252300.0,636059799.9978248,,,,29.7260938269276,82.490466876552,,65.02962178258309,16.20833333333334,False,-0.0526223527194469,-0.0272339239772465,0.1188006643760083,0.0,0.3886468249137033,0.278701941870931,1.1961792687208084,0.0,0.3886468249137033,0.0,0.0530572460043196,-0.0729783190624532,0.043814842279044,0.4867141797683448,0.0142357419001713,29.73,8.967522828700902,1,0.1656662336021918,0,0,0.0
Ghana,GHA,2003,0.3612616853712979,839680195.0,-0.0151160176263501,1.039447246619466,1.7508333333333332,29.77297971603836,26.626,0.541,0.3249068388631425,0.2329934560469137,0.866764326525345,-1.994,7632723555.66221,18.79,28.7044072059077,5.112,358.39927142072963,49.299,12.124,14.32333333333334,,,,24.70888888888889,21.5,,11.08333333333333,27.24583333333332,23.2408348630501,31.685,189.7161415830506,-0.0151160176263501,-0.0049112975031769,28.916666666666668,0.0,0.0,91.01993973117158,-0.0049112975031769,-0.0035219331884293,,2324299058.0,3210187242.0,1470061309.67805,0.7250997968994085,294544241.6178819,,38.5764377123893,84.3630788186188,,75.43964689527279,14.32333333333334,False,0.0274944518240731,0.1484900718917741,0.0,-0.0035219331884293,0.3377235190641279,0.242184406368318,1.039447246619466,0.0,0.3377235190641279,0.0,0.1656662336021918,0.0530572460043196,0.0922984513720468,0.4989132948326338,0.0299883980672552,38.58,26.057737046757666,1,-0.0049112975031769,0,0,-0.0
Ghana,GHA,2004,0.4370965140306612,1071123770.0,-0.1218369341377534,0.3483493414015277,1.55,18.04273882325649,12.666,-2.713,0.3249068388631425,0.2329934560469137,0.8994948540070625,-2.024,8881417906.714323,21.754,14.350151125041492,5.404,406.1321053295653,38.364,13.746,13.625,,21.195,,15.733625,18.5,,9.5,16.565125,27.2751758721829,36.785,169.6909466120653,-0.1218369341377534,-0.0395856531274743,37.73333333333333,0.0,0.0,94.15490166601477,-0.0395856531274743,-0.0283872083589153,,2450542925.0,4073953957.0,1749729259.357179,0.7346233394858609,299921710.1222764,,45.536683616152,86.6216781201727,,83.57321276122016,13.625,False,0.0338627156139699,0.1023900895174483,0.0,-0.0283872083589153,0.1131810833348279,0.0811631169648081,0.3483493414015277,0.0,0.1131810833348279,0.0,-0.0049112975031769,0.1656662336021918,0.0364603401082863,0.5268656094428527,0.0118462138484583,45.54,16.585705315801036,1,-0.0395856531274743,0,0,-0.0
Ghana,GHA,2005,0.2916010287425892,892224338.0,-0.0075553516444496,0.0052691144906505,1.538333333333333,15.43899201559083,15.095,-4.182,0.3249068388631425,0.2329934560469137,0.9052094858333332,-1.874,10744568381.44561,26.415,14.96371840416299,6.23,478.6119091910279,31.695,12.884,10.1625,,20.5375,,14.69941666666667,15.5,,8.354166666666668,14.89204166666666,19.467508436325,36.192,166.8137958197737,-0.0075553516444496,-0.0024547854192975,53.38333333333333,0.0,0.0,103.5463932874678,-0.0024547854192975,-0.00176034749129,81.2,3059743451.0,4878389271.0,1897057040.262413,0.7388042441712281,300516097.747492,,52.5670885638145,89.5605323721102,,92.72121995771268,10.1625,False,0.0950784405443521,0.1038743091553913,0.0,-0.00176034749129,0.0017119713327652,0.0012276691954835,0.0052691144906505,0.0,0.0017119713327652,0.0,-0.0395856531274743,-0.0049112975031769,0.0466713052969325,0.5010871027979699,0.0151638262696429,52.57,14.355455419576302,1,-0.0024547854192975,0,0,-0.0
Ghana,GHA,2006,0.3434092287099942,1241078775.0,0.0351286785485493,-0.4277234890696032,1.5933333333333335,11.67918393924918,11.683,-3.36,0.3249068388631425,0.2329934560469137,0.9151067991666668,-3.108,20885037596.696342,30.963,84.68347182258756,5.817,906.4410275648868,17.291,14.372,8.885416666666664,,16.42222222222222,,10.57366666666667,12.5,,6.129166666666668,9.94675,39.3405151334715,33.296,163.430283872145,0.0,0.0,64.29166666666667,0.0351286785485493,0.0114135479006486,110.0156018995492,0.0114135479006486,0.0081847522213875,88.1,3613993659.0,5328824601.0,2268926566.511412,0.4281925861323133,288822732.2933824,,58.7064955286905,92.4497050827274,,99.2292752903018,8.885416666666664,False,0.0606024345878593,0.0678357281832386,0.0081847522213875,0.0,-0.1389702867411186,-0.0996567739507711,0.0,-0.4277234890696032,0.0,-0.1389702867411186,-0.0024547854192975,-0.0395856531274743,0.0668722669268504,0.4983471213725363,0.0217272568548152,58.71,11.04644552447378,1,0.0114135479006486,0,0,0.0
Ghana,GHA,2007,0.2980847957214614,1053369673.0,0.2032823448964489,1.566573075667569,1.9525,10.7342665456292,10.729,-5.9,0.3249068388631425,0.2329934560469137,0.932619195,-4.915,24827339138.49064,36.544,16.104240587274774,4.074,1050.124615249259,21.061,16.802,8.895833333333332,,12.70638888888888,,12.00058333333333,13.5,,4.65,9.66375,36.8344989637411,29.278,151.5631939546512,0.0,0.0,71.125,0.2032823448964489,0.0660478240769923,109.3682028245138,0.0660478240769923,0.0473634560907443,94.0,3533792022.0,7278290001.0,2218311347.679663,0.4354909707676919,295864766.39119965,,65.008207238338,95.0869923788515,,104.82713216055237,8.895833333333332,False,-0.0059019940429525,0.0548795484744237,0.0473634560907443,0.0,0.5089903058632603,0.3650012750498302,1.566573075667569,0.0,0.5089903058632603,0.0,0.0114135479006486,-0.0024547854192975,-0.0487167385062576,0.4730573659334207,-0.0158284015077904,65.01,10.193103414028304,1,0.0660478240769923,0,0,0.0
Ghana,GHA,2008,0.2735290930200494,1042123563.0,0.2773859711995169,1.6514400008754295,2.5766666666666667,16.49463961341201,16.505,-8.241,0.3249068388631425,0.2329934560469137,1.052275,-5.557,28679383241.07291,41.323,19.41027108686835,9.003,1182.6576125601646,23.186,16.631,11.285,,14.88833333333334,,15.64333333333334,17.0,,5.804166666666668,16.96166666666666,39.1781719013763,30.079,130.9981188783139,0.0,0.0,96.99166666666667,0.2773859711995169,0.0901245990474177,104.3075797708318,0.0901245990474177,0.0646291160887051,97.2,3809918541.0,8536051306.0,2014205287.494387,0.4304824041445506,298767510.75672144,,75.7310767414419,98.7374773853445,,104.2302615306004,11.285,False,-0.0473761649971979,-0.0057101281249885,0.0646291160887051,0.0,0.5365641502565811,0.3847747132580845,1.6514400008754295,0.0,0.5365641502565811,0.0,0.0660478240769923,0.0114135479006486,0.0696786420191273,0.483645039456313,0.0226390673147111,75.73,15.263327890935408,1,0.0901245990474177,0,0,0.0
Ghana,GHA,2009,0.2284215231960115,1158218943.0,0.1144715359777107,1.297066385192554,2.8891666666666667,19.24694822208571,13.139,-3.767,0.3249068388631425,0.2329934560469137,1.404966666666667,-5.046,26048720005.52326,37.127,15.66656862214964,5.681,1047.704300935863,25.39,16.568,17.06416666666667,,16.0,,21.50083333333333,18.0,,9.166666666666668,23.76416666666667,24.7390650635889,33.05,101.8152378525656,0.0,0.0,61.75833333333333,0.1144715359777107,0.0371925848943264,94.75229086472083,0.0371925848943264,0.0266711187864454,110.6,5070533314.0,6464802527.0,3691822335.024088,0.4428369546969715,310699378.91561395,,90.3069978698952,98.3864199710624,,93.42243918090684,17.06416666666667,False,-0.0960780104829872,-0.1094709403468705,0.0266711187864454,0.0,0.4214257390085558,0.3022079798082905,1.297066385192554,0.0,0.4214257390085558,0.0,0.0901245990474177,0.0660478240769923,0.0334383288553787,0.4591740859156752,0.0108643417252672,90.31,17.607381313697612,1,0.0371925848943264,0,0,0.0
Ghana,GHA,2010,0.1864809382507161,975883405.768,0.081395212785313,1.0956237748700806,3.1341666666666668,10.73338983549149,6.698,-6.094,0.3249068388631425,0.2329934560469137,1.429983333333334,-7.128,32197655566.534702,45.447,16.595644732234675,7.778,1263.8925176053897,32.924,18.968,12.87833333333334,,15.14,,13.559625,13.5,,7.916666666666668,13.28416666666667,31.9177315237162,40.063,100.0000000000001,0.0,0.0,79.03333333333333,0.081395212785313,0.0264458612846689,99.99999999999991,0.0264458612846689,0.018964551932524,117.3,5233153666.655,8052406866.744,5158151628.845467,0.4126250902319615,292330858.6573151,,100.0,100.0,,100.0,12.87833333333334,False,0.0539041643260613,0.0680386214186894,0.018964551932524,0.0,0.3559756572763412,0.2552731698341458,1.0956237748700806,0.0,0.3559756572763412,0.0,0.0371925848943264,0.0901245990474177,0.0503936549154069,0.4466360243944612,0.0163732431173249,100.0,10.192198972538424,1,0.0264458612846689,0,0,0.0
Ghana,GHA,2011,0.1264348767684876,2294369797.0,-0.0507197033422284,0.5830139577638375,2.9791666666666665,8.7284593709302,7.676,-6.604,0.3249068388631425,0.2329934560469137,1.520625,-5.465,39336668080.55898,53.625,13.91482217598208,13.955,1507.435731987529,31.221,19.499,8.908333333333335,,13.425,,10.70579166666667,12.5,,5.175,10.40583333333333,33.9949504391736,17.024,90.85635827850469,-0.0507197033422284,-0.0164791784809998,103.99166666666667,0.0,0.0,93.666635812877,-0.0164791784809998,-0.0118173589713799,116.1,18146652693.0,12602676328.0,5913600037.242478,0.7816963286780502,573414060.997669,,108.72845937093,103.156841568622,,99.1183462145259,8.908333333333335,False,-0.0654281347223983,-0.0088556334863199,0.0,-0.0118173589713799,0.1894252220301381,0.1358384369429858,0.5830139577638375,0.0,0.1894252220301381,0.0,0.0264458612846689,0.0371925848943264,-0.022392514245551,0.4856084201187298,-0.0072754810177198,108.73,8.369755902156673,1,-0.0164791784809998,0,0,-0.0
Ghana,GHA,2012,0.1292347643624787,2036892906.0,-0.2196531463744412,-1.3267103132643563,2.3916666666666666,11.18634094410672,7.072,-8.8,0.3249068388631425,0.2329934560469137,1.824866666666667,-8.357,41271701060.95403,55.8,15.205278739660486,8.422,1543.7752423576376,35.473,22.053,10.05,,20.41416666666667,,14.48221666666666,15.0,,4.858333333333332,17.79083333333333,25.1392334638315,22.847,78.88247402794121,-0.2196531463744412,-0.0713668094348628,105.025,0.0,0.0,84.3344760239005,-0.0713668094348628,-0.0511777457053596,112.5,15761184044.0,13578112617.0,5835098328.201865,0.7108816914928923,525793846.9713262,,120.891195539437,105.291504532867,,89.97071636272263,10.05,False,-0.1049513016075582,-0.0968303088645559,0.0,-0.0511777457053596,-0.4310572539698515,-0.3091148210605459,0.0,-1.3267103132643563,0.0,-0.4310572539698515,-0.0164791784809998,0.0264458612846689,-0.0408772736886291,0.5126475628471345,-0.0132813057755159,120.89,10.601329620424238,1,-0.0713668094348628,0,0,-0.0
Ghana,GHA,2013,0.1152794262094481,1457581465.0,0.0193242728264028,-0.9853850885501096,2.438333333333333,11.66619230717286,11.666,-9.076,0.3249068388631425,0.2329934560469137,1.98135,-9.117,62845721959.82703,62.846,54.01291175839256,7.241,2294.795846937434,42.93,21.564,12.35,,18.23666666666667,,17.566625,16.0,,5.354166666666668,20.8175,19.5005541805707,15.664,72.68173305164164,0.0,0.0,104.08333333333331,0.0193242728264028,0.0062785883973554,84.39995498395233,0.0062785883973554,0.004502429111417,107.6,12643899375.0,12787233399.0,5587739126.386897,0.4046597283146239,404657938.039016,,134.994594893508,106.833848874866,,91.19631322445994,12.35,False,0.0007761185781411,0.0135302274555551,0.004502429111417,0.0,-0.3201583541836938,-0.2295882773183841,0.0,-0.9853850885501096,0.0,-0.3201583541836938,-0.0713668094348628,-0.0164791784809998,-0.0209365687124982,0.5091967482581506,-0.0068024343570187,135.0,11.039373722452872,1,0.0062785883973554,0,0,0.0
Ghana,GHA,2014,0.181424333499734,2812875287.652,0.2276446841950015,0.7301763555111299,3.061666666666667,15.48961603333184,15.486,-6.757,0.3249068388631425,0.2329934560469137,2.896575,-7.812,54678533805.906425,54.678,23.93995875939987,2.856,1949.908329238455,50.111,20.966,12.90416666666666,,24.33666666666667,,21.81341666666667,21.0,,5.4375,22.5675,37.2926416981227,20.327,50.68684548539243,0.0,0.0,96.24166666666667,0.2276446841950015,0.0739633147257963,66.25257551369606,0.0739633147257963,0.0530397217213016,107.1,15504399180.588,16786416795.195,5563709271.195518,0.5905574588083581,590563224.2544167,,155.904739308264,108.566932118964,,70.89374999378938,12.90416666666666,False,-0.2420925284471522,-0.2518321938551597,0.0530397217213016,0.0,0.2372392914817313,0.1701263125942781,0.7301763555111299,0.0,0.2372392914817313,0.0,0.0062785883973554,-0.0713668094348628,0.0196424391309584,0.5264524429400053,0.0063819628056013,155.9,14.393999762530107,1,0.0739633147257963,0,0,0.0
Ghana,GHA,2015,0.2561670771623761,3523722864.699,0.0242012349301992,0.9373300204222236,3.1366666666666667,17.14996950078776,17.153,-5.711,0.3249068388631425,0.2329934560469137,3.714641666666668,-4.007,49436806230.48395,49.437,13.25296668073625,2.121,1722.7728283360616,53.896,18.623,13.33916666666667,,23.51916666666666,,24.1565,26.0,,5.235416666666668,23.60916666666667,25.5740170073904,22.893,43.22104124155628,0.0,0.0,50.75,0.0242012349301992,0.0078631467377552,65.0412868638422,0.0078631467377552,0.0056387293669904,100.0,13755564937.275,14687476669.332,5742645886.295289,0.5753414060366288,575339150.9720857,,182.642354549914,108.695721960694,,64.6849274900707,13.33916666666667,False,-0.0184520890158719,-0.0916540628381401,0.0056387293669904,0.0,0.3045449339069094,0.218391760914698,0.9373300204222236,0.0,0.3045449339069094,0.0,0.0739633147257963,0.0062785883973554,-0.0377077351002572,0.5510878022168729,-0.0122515010121133,182.64,15.830222615780889,1,0.0078631467377552,0,0,0.0
Ghana,GHA,2016,0.1781626780785606,1898465226.0,-0.0816158537355205,0.3068761429613504,2.890833333333333,17.45463470708676,17.455,-5.06,0.3249068388631425,0.2329934560469137,3.909816666666668,-6.746,56144179397.85165,56.144,15.748620307899143,3.373,1912.479913399506,55.942,19.891,13.04166666666667,,24.39583333333333,,25.43495833333332,25.5,,6.322916666666668,20.93916666666667,22.4990133892161,20.749,43.17547963235245,-0.0816158537355205,-0.0265175490383245,42.80833333333334,0.0,0.0,74.63746256779683,-0.0265175490383245,-0.0190159598300583,100.7,10655796413.0,11361004402.0,5866729596.165042,0.3921475218113611,392148774.8468224,,214.521910357024,110.06700893427,,71.28350950917343,13.04166666666667,False,0.1376203095796775,0.097136803089401,0.0,-0.0190159598300583,0.0997061575320861,0.0715001331269118,0.3068761429613504,0.0,0.0997061575320861,0.0,0.0078631467377552,0.0739633147257963,0.0550494634158944,0.5217494320915921,0.0178859471395704,214.52,16.0885971893185,1,-0.0265175490383245,0,0,-0.0
Ghana,GHA,2017,0.1694982154085011,2433741812.787,-0.3539196114530595,-1.4579152427567046,2.029166666666667,12.37192155070485,12.372,-3.316,0.3249068388631425,0.2329934560469137,4.350533333333332,-3.966,60385409434.856674,60.385,10.677308233913934,8.129,2012.2866264126544,56.984,17.582,14.0625,,20.08333333333334,,22.38666666666666,20.0,,7.191666666666668,13.625,16.06563109197,16.848,39.13938230017522,-0.3539196114530595,-0.1149909021688852,52.81666666666666,0.0,0.0,74.1375743027704,-0.1149909021688852,-0.0824609534352292,94.8,14358509951.987,12718141844.093,7015187159.649869,0.448397254394542,448400294.71027577,,241.062392815469,112.411557302308,,70.48666679224095,14.0625,False,-0.0067200809593446,-0.0112414490710692,0.0,-0.0824609534352292,-0.4736866328544719,-0.3396847110333598,0.0,-1.4579152427567046,0.0,-0.4736866328544719,-0.0265175490383245,0.0078631467377552,-0.0234374425052035,0.5736667424666486,-0.0076149853554023,241.06,11.664289104547263,1,-0.1149909021688852,0,0,-0.0
Ghana,GHA,2018,0.1900581988669639,3249916972.606,0.1220177254078842,-0.7903235680404951,2.2925,7.80876516610703,9.837,-3.037,0.3249068388631425,0.2329934560469137,4.585325,-6.791,67259353965.60871,67.259,10.5684824952629,6.2,2195.321660163773,61.976,20.895,12.08333333333333,,17.79166666666667,,16.9825,17.0,,7.55,13.1025,15.760909546432,19.198,36.73891699301218,0.0,0.0,68.35833333333333,0.1220177254078842,0.0396443934475466,74.43763634082627,0.0396443934475466,0.0284293315417662,99.4,17099588399.661,11880470763.49,6294851564.02725,0.4308703169817716,430872584.5336832,,259.886388974227,115.157303224791,,70.3805897149653,12.08333333333333,False,0.0040391993350521,-0.0015060575460363,0.0284293315417662,0.0,-0.2567815321710769,-0.1841402195130831,0.0,-0.7903235680404951,0.0,-0.2567815321710769,-0.1149909021688852,-0.0265175490383245,0.1085859528429598,0.5481223938028289,0.0352803186831483,259.89,7.521259940996128,1,0.0396443934475466,0,0,0.0
Ghana,GHA,2019,0.1618833352101986,2714504313.467,0.021220001403217,-0.4286396408196857,2.341666666666667,7.143640033308569,7.208,-2.232,0.3249068388631425,0.2329934560469137,5.217366666666668,-7.519,68352629246.15547,68.353,8.481070296987212,6.508,2186.6582268261286,62.927,22.491,11.5,,19.8,,15.314125,16.0,,7.55,14.19166666666667,21.3545895341093,16.894,33.67563970692274,0.0,0.0,61.41666666666666,0.021220001403217,0.0068945235765906,72.39807364838452,0.0068945235765906,0.0049441214642558,99.9,16768275189.922,10439795453.291,7563210340.928382,0.3980544851497916,398052326.0604949,,278.45173709811,117.244195476228,,65.0935859642301,11.5,False,-0.0277819867574518,-0.0780914924063207,0.0049441214642558,0.0,-0.1392679507101568,-0.0998702313132863,0.0,-0.4286396408196857,0.0,-0.1392679507101568,0.0396443934475466,-0.1149909021688852,-0.0059041029666317,0.5519386964851021,-0.0019182834312108,278.45,6.898004546551917,1,0.0068945235765906,0,0,0.0
Ghana,GHA,2020,,,0.0123785842326397,-0.0451892785972113,2.370833333333333,9.887289562699442,9.918,-2.534,0.3249068388631425,0.2329934560469137,5.595708333333332,-17.443,70008243859.86661,70.008,9.365574965837382,0.514,2195.454816599868,79.089,31.511,11.5,,19.44166666666667,,14.18983333333333,14.5,,7.5875,13.70272791666667,28.3611516144566,16.221,31.77634625351159,0.0,0.0,41.25,0.0123785842326397,0.0040218866726281,73.53356209649108,0.0040218866726281,0.0028841291213305,99.4,,,7884091538.70727,,,,305.983066637367,118.690501577198,,65.88056786304026,11.5,False,0.015562237188293,0.0120175064644074,0.0028841291213305,0.0,-0.0146823056595257,-0.010528806196631,0.0,-0.0451892785972113,0.0,-0.0146823056595257,0.0068945235765906,0.0396443934475466,0.0816484681703606,0.527820633880912,0.0265281456912497,305.98,9.42812303035554,1,0.0040218866726281,0,0,0.0
Ghana,GHA,2021,0.1609105713968318,2385214809.606,0.0232770627561453,0.8686551109659224,2.4266666666666667,9.971088675044395,9.976,-2.821,0.3249068388631425,0.2329934560469137,5.8057,-12.032,79514204730.3979,79.514,12.106101631177296,5.076,2445.18662529344,86.875,27.214,11.5,,18.28333333333333,,13.046875,14.5,,7.625,12.42304041666667,21.3034532185182,14.711,29.61533617325176,0.0,0.0,69.08333333333333,0.0232770627561453,0.0075628768781181,73.18933244084616,0.0075628768781181,0.0054234032981752,108.7,14823232488.086,17848192165.582,9916916899.677814,0.410887900651767,410888958.59431046,,336.492909542398,124.266413825838,,66.69580782765556,11.5,False,-0.0046922504945348,0.0122985748569206,0.0054234032981751,0.0,0.2822319861662501,0.2023909564167656,0.8686551109659224,0.0,0.2822319861662501,0.0,0.0040218866726281,0.0068945235765906,-0.0727700687236918,0.5676159669866041,-0.0236434929928683,336.49,9.50486906219492,1,0.0075628768781181,0,0,0.0
Ghana,GHA,2022,0.1246168692417403,2165686336.866,-0.0138314791484619,0.5545894960353657,2.393333333333333,31.25589510490163,31.921,-2.302,0.3249068388631425,0.2329934560469137,8.2724,-11.76,73919003212.19975,73.919,28.18387285180816,3.818,2229.891226544792,92.723,27.493,12.05208333333333,,25.95416666666668,,20.06545833333334,27.0,,7.625,22.15921916666667,32.0270997817716,13.708,23.59333199158666,-0.0138314791484619,-0.0044939421669282,97.1,0.0,0.0,70.55265059269648,-0.0044939421669282,-0.0032226441290409,110.8,17378757386.89,17962659788.548,5205457212.278002,0.4781100344925265,478110055.26911896,,441.666780384402,134.21120616846,,56.88600114933896,12.05208333333333,False,-0.0366904306580293,-0.1590928144186474,0.0,-0.0032226441290409,0.1801899200235539,0.129215723368596,0.5545894960353657,0.0,0.1801899200235539,0.0,0.0075628768781181,0.0040218866726281,0.0335831137462907,0.5410531493857447,0.0109113833264886,441.67,27.19945659323626,1,-0.0044939421669282,0,0,-0.0
Ghana,GHA,2023,0.1124940962171539,1898299882.848,0.3151563280040294,1.7834995632246495,3.28,38.10696562965015,39.21,-0.815,0.3249068388631425,0.2329934560469137,11.02040833333333,-3.366,80547146875.9526,80.547,40.10579818383599,3.128,2383.904104762212,79.092,18.536,11.41666666666667,,29.85,,27.490375,30.0,,5.75,25.03043208333332,37.4107089233848,9.645,17.57307620819572,0.0,0.0,80.76666666666667,0.3151563280040294,0.1023964462795048,71.22593477102751,0.1023964462795048,0.0734293620567135,118.7,16874662286.131,16394367827.129,3623904994.587021,0.4130379709724081,413038724.13944656,,609.972588583069,139.73579356326,,56.64165603805853,11.41666666666667,False,0.0094977564892877,-0.0043045984500098,0.0734293620567135,0.0,0.5794712052011162,0.4155437270938721,1.7834995632246495,0.0,0.5794712052011162,0.0,-0.0044939421669282,0.0075628768781181,0.0255295083611937,0.4832922350134264,0.0082947118593656,609.97,32.2846778736551,1,0.1023964462795048,0,0,0.0
Ghana,GHA,2024,0.0974576080200491,2011908221.063,0.8041320935025076,1.760040252669587,7.329999999999999,22.84832811578422,22.875,1.766,0.3249068388631425,0.2329934560469137,14.18194166666667,-6.225,83288585604.02676,83.289,25.875384920653403,5.847,2419.2518672481983,70.342,22.001,10.5,,29.85,,28.53202083333332,,,5.0,24.46103791666666,32.9760030585704,12.097,14.17441755662551,0.0,0.0,78.72500000000001,0.8041320935025076,0.2612680165283007,67.81149556591895,0.2612680165283007,0.1873575155833892,148.8,20643931879.07,17529789635.643,4472457558.564056,0.4583307693109319,458328488.93266815,,749.341127038871,143.857336014608,,52.52219122453151,10.5,False,-0.0491252728022697,-0.0755089166377107,0.1873575155833892,0.0,0.5718491147667621,0.4100778612511703,1.760040252669587,0.0,0.5718491147667621,0.0,0.1023964462795048,-0.0044939421669282,0.0606244218380354,0.4625126033166225,0.0196972892573017,749.34,20.578304347295266,1,0.2612680165283007,0,0,0.0
Indonesia,IDN,1991,,152762576.0,-0.0595978644311211,-0.775070464125905,1.1941666666666666,9.41906784347004,9.435,-2.847,0.0092877240527268,0.0078933067546861,1950.3175,,116621996217.133,154.558,8.76703888583599,8.928,624.387495384411,,,23.31666666666667,,,25.53333333333332,14.90833333333333,18.47,,,,17.5259362533464,23.943,,-0.0595978644311211,-0.000553528518968,19.39166666666667,0.0,0.0,,-0.000553528518968,-0.000470424225879,,,,10357989011.2346,,,2.67,13.842629449706736,62.4573407534626,,0.0113639623589733,23.31666666666667,False,,,0.0,-0.000470424225879,-0.0071986405922203,-0.0061178689298427,0.0,-0.775070464125905,0.0,-0.0071986405922203,,,0.0571476463138012,0.3990981883908845,0.0005307715692254,13.84,8.99057350159942,0,-0.0,0,0,-0.0
Indonesia,IDN,1992,,158832896.0,-0.0828962751108572,-0.9716642309346012,1.0991666666666666,7.52351006242677,7.546,-1.842,0.0092877240527268,0.0078933067546861,2029.92083333333,,128026966579.964,168.28,7.28885625784123,6.523,673.67103954742,,,19.6025,,,24.03333333333333,11.99416666666667,13.5,,,,19.6221806853583,22.783,,-0.0828962751108572,-0.0007699177282285,19.025,0.0,0.0,,-0.0007699177282285,-0.0006543257282708,,,,11482019252.7913,,,2.79,14.887325545500332,64.3490609806525,,0.0113971265535056,19.6025,False,,0.0029183653979703,0.0,-0.0006543257282708,-0.0090245492488256,-0.0076696438373229,0.0,-0.9716642309346012,0.0,-0.0090245492488256,-0.000553528518968,,0.0237729730844122,0.4202906129962634,0.0002207968139209,14.89,7.312689650639381,0,-0.0,0,0,-0.0
Indonesia,IDN,1993,,210939424.0,0.0172871648143125,-0.8892070320380963,1.1183333333333334,9.6719108926401,9.664,-1.205,0.0092877240527268,0.0078933067546861,2087.10386666667,-0.589,158006700301.533,190.913,19.1525782553043,7.956,817.395116417856,,14.093,14.5475,,,20.58666666666666,8.657500000000002,8.82,,,,20.0565018833961,23.307,,0.0,0.0,16.849999999999998,0.0172871648143125,0.0001605584164493,,0.0001605584164493,0.0001364528947981,,,,12474062370.5058,,,2.83,16.325204308762125,66.2484245218916,,0.0118069849010537,14.5475,False,,0.0359615509772495,0.0001364528947981,0.0,-0.0082587095393141,-0.0070187838723007,0.0,-0.8892070320380963,0.0,-0.0082587095393141,-0.0007699177282285,-0.000553528518968,0.0391319842297512,0.396084802070798,0.0003634470711615,16.33,9.231406028645628,0,0.0,0,0,0.0
Indonesia,IDN,1994,,280373984.0,0.222248963510401,1.4950211144350354,1.3966666666666665,8.53199829189143,8.528,-1.404,0.0092877240527268,0.0078933067546861,2160.753675,0.005,176892143931.505,213.727,7.77657280267769,7.54,899.793982949817,,13.524,12.53333333333333,,,17.76,9.735833333333336,12.44,,,,20.2022726168412,24.434,,0.0,0.0,15.891666666666666,0.222248963510401,0.0020641870440891,,0.0020641870440891,0.0017542792448986,,,,13321136813.0136,,,4.47,17.717590862564787,67.9758134970225,,0.012062712988648,12.53333333333333,False,,0.0216590509547887,0.0017542792448986,0.0,0.0138853435638728,0.0118006602609684,1.4950211144350354,0.0,0.0138853435638728,0.0,0.0001605584164493,-0.0007699177282285,-0.0246540126823049,0.4105678170613156,-0.0002289796665856,17.72,8.169003819456089,0,0.0,0,0,0.0
Indonesia,IDN,1995,,308326144.0,0.0259142887654703,1.180041698704018,1.4333333333333331,9.42030300572996,9.415,-2.784,0.0092877240527268,0.0078933067546861,2248.607975,0.641,202132028723.115,244.227,9.88204513093129,8.22,1011.22614205568,,11.907,16.7175,,,18.85166666666667,13.63833333333333,13.99,,,,27.5237198773438,23.905,,0.0,0.0,17.175,0.0259142887654703,0.0002406847630763,,0.0002406847630763,0.0002045494305553,,,,14907558865.922,,,7.42,19.386180116655023,69.8828203523109,,0.0123369576178997,16.7175,False,,0.0227349046196965,0.0002045494305553,0.0,0.010959901668274,0.0093144311111917,1.180041698704018,0.0,0.010959901668274,0.0,0.0020641870440891,0.0001605584164493,-0.0742450772516676,0.5103884940970569,-0.0006895677897868,19.39,9.006352407762597,0,0.0,0,0,0.0
Indonesia,IDN,1996,,373962112.0,0.0161479864079822,0.8815264538792391,1.4566666666666668,7.97328096513346,7.981,-2.657,0.0092877240527268,0.0078933067546861,2342.29629166667,0.962,227369679374.973,274.722,8.6765097553662,7.818,1118.92133024129,,11.508,17.25583333333334,,,19.2175,13.95666666666667,12.8,,,,27.0806823379176,22.992,,0.0,0.0,20.425,0.0161479864079822,0.0001499780417645,,0.0001499780417645,0.0001274610101887,,,,19396148967.3555,,,4.998,20.932915238265448,71.9312285175105,,0.0124242564285229,17.25583333333334,False,,0.0070762025231032,0.0001274610101887,0.0,0.0081873744488092,0.0069581587128395,0.8815264538792391,0.0,0.0081873744488092,0.0,0.0002406847630763,0.0020641870440891,0.0898974209114555,0.5060119144911213,0.0008349424384774,20.93,7.642606720334788,0,0.0,0,0,0.0
Indonesia,IDN,1997,,419757120.0,0.1057608931619591,1.181717783132627,1.6191666666666666,6.22615154887214,6.237,-1.458,0.0092877240527268,0.0078933067546861,2909.38,-1.034,215748998609.635,260.68,12.5713762956895,4.7,1044.60674832472,,15.25,20.01416666666666,,,21.8175,27.81583333333332,20.0,,,,25.2548720561877,24.959,,0.0,0.0,19.166666666666668,0.1057608931619591,0.0009822779912582,,0.0009822779912582,0.0008348031723769,,,,17486799642.8985,,,4.77,22.23919153844904,73.6127576083459,,0.0103840186414976,20.01416666666666,False,,-0.1642140758091069,0.0008348031723769,0.0,0.0109754686779359,0.0093276609597334,1.181717783132627,0.0,0.0109754686779359,0.0,0.0001499780417645,0.0002406847630763,-0.0150484099710244,0.4778125096326485,-0.0001397654792431,22.24,6.070893292447321,0,0.0,0,0,0.0
Indonesia,IDN,1998,,502906400.0,0.0343989403952119,1.2938843190083755,1.6758333333333333,58.4510413515526,58.447,3.469,0.0092877240527268,0.0078933067546861,10013.6225,-1.893,95445547872.715,115.323,75.2711687734718,-13.127,454.877800792123,,15.079,39.06666666666668,,,32.15416666666668,62.79166666666668,38.44,,,,62.7628704083026,17.022,,0.0,0.0,13.066666666666668,0.0343989403952119,0.0003194878660969,,0.0003194878660969,0.0002715213885755,,,,23605842945.521,,,5.46,35.23534094786268,74.755433058709,,0.0047070032856575,39.06666666666668,False,,-0.5467069688370071,0.0002715213885755,0.0,0.0120172405111002,0.0102130258350112,1.2938843190083755,0.0,0.0120172405111002,0.0,0.0009822779912582,0.0001499780417645,0.0715628216471024,0.4876042746482255,0.0006646557398927,35.23,46.000552297076425,0,0.0,0,0,0.0
Indonesia,IDN,1999,,423320457.0,-0.3896779030631943,-1.558798518646719,1.135,20.4778324428892,20.47,3.4,0.0092877240527268,0.0078933067546861,7855.15,-0.959,140001351215.462,169.158,14.1611959857791,0.791,657.268934667018,,15.14,25.7375,,,27.6625,23.58416666666667,12.51,,,,12.2333155048434,12.485,,-0.3896779030631943,-0.0036192208330962,18.091666666666665,0.0,0.0,,-0.0036192208330962,-0.0030758472244006,,,,27345097667.3645,,,6.36,42.4491055906676,76.391102265249,,0.0070741014665829,25.7375,False,,0.5028885762918718,0.0,-0.0030758472244006,-0.0144776904949901,-0.0123040748764288,0.0,-1.558798518646719,0.0,-0.0144776904949901,0.0003194878660969,0.0009822779912582,-0.2053324825201947,0.5368022025081163,-0.0019070714367089,42.45,18.64289204042105,0,-0.0,0,0,-0.0
Indonesia,IDN,2000,,341859304.0,-0.2246130592935695,-1.3747722248362335,0.9066666666666668,3.68862037056682,3.688,4.452,0.0092877240527268,0.0078933067546861,8421.775,-1.87,165021012077.81,179.482,20.4474568521459,4.979,763.711124950924,87.437,15.303,12.50333333333334,,,18.455,10.32083333333333,14.53,,,,16.6231305374338,24.905,,-0.2246130592935695,-0.0020861441133574,28.23333333333333,0.0,0.0,,-0.0020861441133574,-0.0017729397781126,,,,29352929561.4768,,,6.08,44.0137126517084,78.9707207568715,,0.0066178705462512,12.50333333333334,False,,-0.0644931264397181,0.0,-0.0017729397781126,-0.0127685050596323,-0.0108514988884547,0.0,-1.3747722248362335,0.0,-0.0127685050596323,-0.0036192208330962,0.0003194878660969,0.0851699534866394,0.5504658633469912,0.0007910350255674,44.02,3.631716334095936,0,-0.0,0,0,-0.0
Indonesia,IDN,2001,,391086033.0,0.163299874480846,-0.6175967524869918,1.0675,11.5001160550887,11.466,3.954,0.0092877240527268,0.0078933067546861,10260.85,-1.763,160446947784.909,174.507,14.2957154362836,3.643,732.307093405708,73.702,19.509,15.48166666666667,,,18.5475,15.02833333333333,,,,,11.8708383967112,24.677,,0.0,0.0,24.34166666666667,0.163299874480846,0.001516684172023,,0.001516684172023,0.001288976002279,,,,28103636180.3382,,,8.1,49.06172317990544,81.2025684592531,,0.0058882968006522,15.48166666666667,False,,-0.110242976271622,0.001288976002279,0.0,-0.0057360682129594,-0.0048748806180777,0.0,-0.6175967524869918,0.0,-0.0057360682129594,-0.0020861441133574,-0.0036192208330962,0.0766707334444198,0.4971579782978531,0.0007120966151519,49.08,10.880754374439494,0,0.0,0,0,0.0
Indonesia,IDN,2002,0.0122646885202516,701034279.0,0.5098884165746165,1.1961792687208084,1.7775,11.9001200338414,11.908,3.676,0.0092877240527268,0.0078933067546861,9311.19166666667,-0.576,195660611165.183,212.807,5.89605169318483,4.499,881.002913569131,62.339,16.929,15.5025,,,18.945,13.535,,,,,4.75790231642729,23.355,,0.0,0.0,24.933333333333334,0.5098884165746165,0.0047357029108268,,0.0047357029108268,0.0040247056826846,,57158751145.0,31288842009.0,32033585247.4441,0.4520459822101326,415623514.0479402,9.06,54.90422265187087,82.490466876552,,0.0071482003917358,15.5025,False,,0.2139674058114864,0.0040247056826846,0.0,0.0111097829654715,0.0094418099016094,1.1961792687208084,0.0,0.0111097829654715,0.0,0.001516684172023,-0.0020861441133574,0.043814842279044,0.4867141797683448,0.0004069401645015,54.92,11.242596105705926,0,0.0,0,0,0.0
Indonesia,IDN,2003,0.0102186713970985,623933553.0,-0.0151160176263501,1.039447246619466,1.7508333333333332,6.75731256333564,6.791,3.175,0.0092877240527268,0.0078933067546861,8577.13333333334,-1.077,234772463823.808,255.346,5.48742913790147,4.78,1043.2105838671,55.643,18.176,10.59,,,16.935,7.759166666666665,,,,,7.93771986383966,26.71,,-0.0151160176263501,-0.0001403934004896,28.916666666666668,0.0,0.0,,-0.0001403934004896,-0.000119315364034,,61058187386.0,32550681484.0,36256203641.5962,0.398721670102894,366596182.7089518,9.67,58.632959105753145,84.3630788186188,,0.0081030259667976,10.59,False,,0.1335756585903436,0.0,-0.000119315364034,0.0096540991939683,0.0082046759728813,1.039447246619466,0.0,0.0096540991939683,0.0,0.0047357029108268,0.001516684172023,0.0922984513720468,0.4989132948326338,0.0008572425468375,58.63,6.536893007635403,0,-0.0,0,0,-0.0
Indonesia,IDN,2004,0.0076743340012212,549347769.0,-0.1218369341377534,0.3483493414015277,1.55,6.06406189133648,6.062,1.882,0.0092877240527268,0.0078933067546861,8938.85,-0.26,256836875295.452,279.344,8.55072703186366,5.031,1126.84004447173,51.328,17.833,6.443333333333332,,,14.12416666666667,5.3775,,,,,9.14397251295485,23.999,,-0.1218369341377534,-0.0011315878237017,37.73333333333333,0.0,0.0,,-0.0011315878237017,-0.0009616962951997,,71582468122.0,46524531358.0,36310733909.3168,0.4598521896208858,422801275.4166905,9.86,62.18622560886448,86.6216781201727,,0.0080313019732743,6.443333333333332,False,,-0.0088515073032252,0.0,-0.0009616962951997,0.0032353725568865,0.0027496282094751,0.3483493414015277,0.0,0.0032353725568865,0.0,-0.0001403934004896,0.0047357029108268,0.0364603401082863,0.5268656094428527,0.0003386335777943,62.18,5.878689365448331,0,-0.0,0,0,-0.0
Indonesia,IDN,2005,0.0077981994907107,667993359.0,-0.0075553516444496,0.0052691144906505,1.538333333333333,10.4532001873347,10.464,0.513,0.0092877240527268,0.0078933067546861,9704.74166666666,0.462,285868619196.085,310.92,14.3317870842712,5.693,1238.21447629488,42.612,17.398,8.079166666666667,,,14.05083333333334,6.775833333333332,,,,,16.3351639133099,23.574,,-0.0075553516444496,-7.017202119496416e-05,53.38333333333333,0.0,0.0,,-7.017202119496416e-05,-5.963670816916299e-05,101.4,85659947504.0,57700880915.0,34730799049.2525,0.5014920099385408,461085901.25755817,11.24,68.69323628328648,89.5605323721102,,0.0079033885171237,8.079166666666667,False,,-0.0159268642339989,0.0,-5.963670816916299e-05,4.893808139138642e-05,4.159073700026617e-05,0.0052691144906505,0.0,4.893808139138642e-05,0.0,-0.0011315878237017,-0.0001403934004896,0.0466713052969325,0.5010871027979699,0.0004334702047784,68.68,9.942463139866751,0,-0.0,0,0,-0.0
Indonesia,IDN,2006,0.0084827268543523,855047124.0,0.0351286785485493,-0.4277234890696032,1.5933333333333335,13.108670985346,13.099,2.406,0.0092877240527268,0.0078933067546861,9159.31666666667,0.451,364570515618.357,396.518,14.0874244167926,5.501,1558.31562847163,35.848,18.417,11.41083333333334,,,15.97916666666667,9.180833333333332,9.75,,,,14.943188750138,25.762,,0.0,0.0,64.29166666666667,0.0351286785485493,0.0003262654726958,,0.0003262654726958,0.0002772814356704,102.1,100798615667.0,61065465233.0,42597040281.5939,0.4439856597439273,408213702.53052825,10.28,77.69094542559586,92.4497050827274,,0.0091749097747613,11.41083333333334,False,,0.1608830509701828,0.0002772814356704,0.0,-0.003972577737348,-0.003376152705411,0.0,-0.4277234890696032,0.0,-0.003972577737348,-7.017202119496416e-05,-0.0011315878237017,0.0668722669268504,0.4983471213725363,0.0006210911619968,77.69,12.326851293305465,0,0.0,0,0,0.0
Indonesia,IDN,2007,0.0080994916541576,924159067.0,0.2032823448964489,1.566573075667569,1.9525,6.40656087966005,6.319,1.446,0.0092877240527268,0.0078933067546861,9141.0,-0.953,432216737774.861,470.092,11.2585785308971,6.345,1823.21976255073,38.121,18.735,7.975833333333335,,,13.86166666666667,6.015833333333335,8.0,,,,19.3251210206586,24.358,,0.0,0.0,71.125,0.2032823448964489,0.0018880303241894,,0.0018880303241894,0.0016045699060795,104.5,114100872803.0,74473428731.0,56935744023.296,0.4362956939261967,401143396.471329,9.11,82.60085460364913,95.0869923788515,,0.009503196752207,7.975833333333335,False,,0.0357809488599776,0.0016045699060795,0.0,0.014549898435232,0.0123654418398762,1.566573075667569,0.0,0.014549898435232,0.0,0.0003262654726958,-7.017202119496416e-05,-0.0487167385062576,0.4730573659334207,-0.0004524676239949,82.67,6.21302303022544,0,0.0,0,0,0.0
Indonesia,IDN,2008,0.0092610084630673,1268947310.0,0.2773859711995169,1.6514400008754295,2.5766666666666667,10.2266663272483,9.871,0.022,0.0092877240527268,0.0078933067546861,9698.9625,0.054,510228634992.258,558.291,18.1497512494676,7.442,2124.55483920618,30.252,19.394,8.4925,,,13.59833333333334,8.476666666666668,9.25,,,,14.9228673286607,33.02,,0.0,0.0,96.99166666666667,0.2773859711995169,0.0025762843565987,,0.0025762843565987,0.0021894925601243,106.8,137020424402.0,129244050291.0,51640625721.3198,0.5218532564269746,476927757.5547519,8.39,90.7537084274318,98.7374773853445,,0.0094766986982251,8.4925,False,,-0.0027883305663077,0.0021894925601243,0.0,0.015338119017766,0.0130353225138688,1.6514400008754295,0.0,0.015338119017766,0.0,0.0018880303241894,0.0003262654726958,0.0696786420191273,0.483645039456313,0.0006471559994423,91.12,9.73205398743433,0,0.0,0,0,0.0
Indonesia,IDN,2009,0.0121315027097143,1413441281.0,0.1144715359777107,1.297066385192554,2.8891666666666667,4.38641311792074,4.804,1.837,0.0092877240527268,0.0078933067546861,10389.9375,-1.644,539580085612.401,578.577,8.27475243172853,4.702,2218.48541852977,26.483,17.027,9.278333333333332,,,14.49833333333333,7.1575,6.5,,,,12.9517964413527,33.01,,0.0,0.0,61.75833333333333,0.1144715359777107,0.0010631800380527,,0.0010631800380527,0.0009035589481521,97.9,116509991781.0,96829162576.0,66118917968.1398,0.3953799631334965,368730790.1230087,7.87,95.1144616484427,98.3864199710624,,0.0093046161384004,9.278333333333332,False,,-0.0181584922455035,0.0009035589481521,0.0,0.0120467946637363,0.0102381428595167,1.297066385192554,0.0,0.0120467946637363,0.0,0.0025762843565987,0.0018880303241894,0.0334383288553787,0.4591740859156752,0.000310565971193,95.12,4.296193324359887,0,0.0,0,0,0.0
Indonesia,IDN,2010,0.0104174033243415,1643648557.0,0.081395212785313,1.0956237748700806,3.1341666666666668,5.13420639015885,5.137,0.702,0.0092877240527268,0.0078933067546861,9090.43333333333,-1.242,755094157621.936,755.094,15.2642936576449,6.378,3065.68348377765,26.363,16.887,7.016666666666668,,,13.25166666666666,6.011173764476638,6.5,,,,15.4022877708819,33.582,,0.0,0.0,79.03333333333333,0.081395212785313,0.0007559762755629,,0.0007559762755629,0.0006424773828774,108.3,157779103470.0,135663280214.0,96210980584.0428,0.3886169436248268,388617024.7465878,7.14,100.0,100.0,,0.0110005756967948,7.016666666666668,False,,0.1822707711062923,0.0006424773828774,0.0,0.0101758512866002,0.0086480945427767,1.0956237748700806,0.0,0.0101758512866002,0.0,0.0010631800380527,0.0025762843565987,0.0503936549154069,0.4466360243944612,0.0004680423608626,100.0,5.003093360556576,0,0.0,0,0,0.0
Indonesia,IDN,2011,0.0066108128596328,1345278067.0,-0.0507197033422284,0.5830139577638375,2.9791666666666665,5.35604849112582,5.345,0.189,0.0092877240527268,0.0078933067546861,8770.43333333333,-0.704,892969104563.171,892.969,7.46594303367513,6.17,3579.46442466152,23.106,17.714,6.930833333333332,,,12.40333333333334,5.62,6.0,,,,16.4297838459004,33.173,,-0.0507197033422284,-0.0004710706086787,103.99166666666667,0.0,0.0,,-0.0004710706086787,-0.0004003461769868,111.7,203496619185.0,177435550307.0,110136597662.435,0.4265905366102751,426590586.56235546,6.56,105.3453346114478,103.156841568622,,0.0116438397209991,6.930833333333332,False,,0.0584754872776092,0.0,-0.0004003461769868,0.0054148727585986,0.0046019080108935,0.5830139577638375,0.0,0.0054148727585986,0.0,0.0007559762755629,0.0010631800380527,-0.022392514245551,0.4856084201187298,-0.0002079754931594,105.36,5.2212871446934095,0,-0.0,0,0,-0.0
Indonesia,IDN,2012,0.0055435286594411,1053446947.0,-0.2196531463744412,-1.3267103132643563,2.3916666666666666,4.2795142691943,3.979,-2.66,0.0092877240527268,0.0078933067546861,9386.62916666667,-1.586,917869913332.649,917.87,3.75387875323653,6.03,3632.27254030331,22.955,18.836,5.946666666666668,,,11.795,4.011666666666665,5.75,,,,14.9549924820176,32.411,,-0.2196531463744412,-0.002040077810839,105.025,0.0,0.0,,-0.002040077810839,-0.0017337896639654,102.8,190031839234.0,191690908079.0,112797627833.066,0.4158789189712314,415878879.70300806,6.14,109.53711676875336,105.291504532867,,0.0110830250051547,5.946666666666668,False,,-0.0481640703824675,0.0,-0.0017337896639654,-0.0123221192875061,-0.0104721314772012,0.0,-1.3267103132643563,0.0,-0.0123221192875061,-0.0004710706086787,0.0007559762755629,-0.0408772736886291,0.5126475628471345,-0.0003796568380477,109.86,4.182377047944819,0,-0.0,0,0,-0.0
Indonesia,IDN,2013,0.0063076944063991,1151480680.0,0.0193242728264028,-0.9853850885501096,2.438333333333333,6.41249457900391,6.41,-3.19,0.0092877240527268,0.0078933067546861,10461.24,-1.956,912524136718.018,912.524,4.96599029131677,5.557,3566.60284506078,24.884,18.82,6.264166666666668,,,11.6575,4.829599522862922,7.5,,,,12.7796979445433,30.641,,0.0,0.0,104.08333333333331,0.0193242728264028,0.0001794785135312,,0.0001794785135312,0.00015253241323,100.0,182551754383.0,186628630620.0,99386826239.0833,0.4045705424634501,404570603.0778369,6.25,116.55916424312336,106.833848874866,,0.0104292813649264,6.264166666666668,False,,-0.0589860295293246,0.00015253241323,0.0,-0.0091519847881252,-0.0077779467754195,0.0,-0.9853850885501096,0.0,-0.0091519847881252,-0.002040077810839,-0.0004710706086787,-0.0209365687124982,0.5091967482581506,-0.0001944530728126,116.91,6.21975801042538,0,0.0,0,0,0.0
Indonesia,IDN,2014,0.0070697381792567,1244529804.0,0.2276446841950015,0.7301763555111299,3.061666666666667,6.39492882396559,6.399,-3.146,0.0092877240527268,0.0078933067546861,11865.2112962963,-1.805,890814755533.537,890.815,5.44317454935612,5.007,3441.06808464008,24.645,18.365,8.7525,,,12.605,5.854988327119538,7.75,,,,11.8795193618472,31.454,,0.0,0.0,96.24166666666667,0.2276446841950015,0.0021143010088733,,0.0021143010088733,0.0017968693234247,100.8,176036194332.0,178179340198.0,111862594561.997,0.3976309690984509,397630859.9765383,5.94,124.0182618726543,108.566932118964,,0.0096274794013834,8.7525,False,,-0.0768798861098321,0.0017968693234247,0.0,0.0067816764998131,0.0057635059590681,0.7301763555111299,0.0,0.0067816764998131,0.0,0.0001794785135312,-0.002040077810839,0.0196424391309584,0.5264524429400053,0.0001824335543708,124.39,6.201738320314565,0,0.0,0,0,0.0
Indonesia,IDN,2015,0.0086972332869451,1307770627.0,0.0242012349301992,0.9373300204222236,3.1366666666666667,6.36312061196646,6.36,-2.035,0.0092877240527268,0.0078933067546861,13389.4129365079,-2.724,860854232686.214,860.854,3.98024266013961,4.876,3288.22269725538,27.013,17.602,8.336666666666668,,,12.6625,5.834826837928152,7.5,,,,8.99699007638042,32.028,,0.0,0.0,50.75,0.0242012349301992,0.0002247743917669,,0.0002247743917669,0.0001910277711462,100.0,150366281305.0,142694802188.0,105928847088.719,0.3404305541700488,340430646.1873906,6.18,131.9062860485142,108.695721960694,,0.0090634074717353,8.336666666666668,False,,-0.0585897830710546,0.0001910277711462,0.0,0.0087056625760184,0.0073986333815688,0.9373300204222236,0.0,0.0087056625760184,0.0,0.0021143010088733,0.0001794785135312,-0.0377077351002572,0.5510878022168729,-0.0003502190382645,132.3,6.16502798990366,0,0.0,0,0,0.0
Indonesia,IDN,2016,0.0085792949172262,1239620576.0,-0.0816158537355205,0.3068761429613504,2.890833333333333,3.52580452815451,3.53,-1.819,0.0092877240527268,0.0078933067546861,13308.3268020542,-2.561,931877364037.698,931.877,2.43892408688207,5.033,3521.46943457574,27.955,16.92,7.1658935677562,,,11.88833333333334,4.803333333333332,4.75,,,,10.028498820515,32.039,,-0.0816158537355205,-0.0007580255278232,42.80833333333334,0.0,0.0,,-0.0007580255278232,-0.00064421896958,105.1,144489796418.0,135652799792.0,116369601851.059,0.3006217416808797,300621859.1187464,5.61,136.56273863100944,110.06700893427,,0.0093229122360731,7.1658935677562,False,,0.0286321414045436,0.0,-0.00064421896958,0.0028501809341901,0.0024222675320888,0.3068761429613504,0.0,0.0028501809341901,0.0,0.0002247743917669,0.0021143010088733,0.0550494634158944,0.5217494320915921,0.0005112842254575,136.97,3.468985262581992,0,-0.0,0,0,-0.0
Indonesia,IDN,2017,0.0066354796847168,1120251805.07,-0.3539196114530595,-1.4579152427567046,2.029166666666667,3.80879857691949,3.807,-1.595,0.0092877240527268,0.0078933067546861,13380.8338788891,-2.264,1015618744159.73,1015.619,4.29267812199525,5.07,3798.88326174526,29.396,16.444,6.518333333333332,,,11.07333333333333,4.19,4.25,,,,8.27552807924628,32.116,,-0.3539196114530595,-0.0032871076880243,52.81666666666666,0.0,0.0,,-0.0032871076880243,-0.0027935960596983,108.1,168827554042.584,156985501122.0,130215330382.957,0.3208025226377096,320802441.8257082,5.5,141.76184828348147,112.411557302308,,0.0094246498380654,6.518333333333332,False,,0.0109126418243767,0.0,-0.0027935960596983,-0.0135407144669886,-0.0115077722334113,0.0,-1.4579152427567046,0.0,-0.0135407144669886,-0.0007580255278232,0.0002247743917669,-0.0234374425052035,0.5736667424666486,-0.0002176804984899,142.18,3.733193675460722,0,-0.0,0,0,-0.0
Indonesia,IDN,2018,0.0069113001979438,1245520200.81,0.1220177254078842,-0.7903235680404951,2.2925,3.19834755924996,3.291,-2.939,0.0092877240527268,0.0078933067546861,14236.9387734818,-1.69,1042271532988.63,1042.272,3.81832356943335,5.174,3860.95353090726,30.423,16.611,6.129166666666668,,,10.53666666666667,,6.0,,,,6.29028912373828,31.631,,0.0,0.0,68.35833333333333,0.1220177254078842,0.0011332669631298,,0.0011332669631298,0.0009631233361534,103.7,180215034094.533,188711171618.0,120660974090.95,0.3539636208375246,353963462.2368566,5.34,146.4264244748087,115.157303224791,,0.0089312316609969,6.129166666666668,False,,-0.0523540063075488,0.0009631233361534,0.0,-0.0073403072123266,-0.0062382663580016,0.0,-0.7903235680404951,0.0,-0.0073403072123266,-0.0032871076880243,-0.0007580255278232,0.1085859528429598,0.5481223938028289,0.0010085163660078,146.73,3.1500302718038498,0,0.0,0,0,0.0
Indonesia,IDN,2019,0.0071488146056647,1198734644.73,0.021220001403217,-0.4286396408196857,2.341666666666667,3.03058460941661,2.822,-2.706,0.0092877240527268,0.0078933067546861,14147.6713605454,-2.091,1119099871350.2,1119.1,1.59848849984144,5.019,4106.94856160358,30.563,16.359,6.688333333333332,,,10.36583333333334,,5.0,,,,6.5404048812978,31.074,,0.0,0.0,61.41666666666666,0.021220001403217,0.0001970855174315,,0.0001970855174315,0.0001674959804104,98.5,167682995133.224,171275708684.0,129186464020.188,0.3028851244601329,302885089.640983,5.28,150.55971664852393,117.244195476228,,0.0090767939121437,6.688333333333332,False,,0.0162981161694095,0.0001674959804104,0.0,-0.0039810867019932,-0.0033833841722082,0.0,-0.4286396408196857,0.0,-0.0039810867019932,0.0011332669631298,-0.0032871076880243,-0.0059041029666317,0.5519386964851021,-5.4835679132960886e-05,151.18,2.9877016644655363,0,0.0,0,0,0.0
Indonesia,IDN,2020,0.0076240556720663,1244183652.883,0.0123785842326397,-0.0451892785972113,2.370833333333333,1.91983527270793,2.031,-0.419,0.0092877240527268,0.0078933067546861,14582.2034678177,-6.075,1059054842698.48,1059.055,-0.401651435218994,-2.066,3853.70288774146,39.747,18.427,5.504166666666668,,,9.544166666666667,,3.75,,,,12.533660872002,31.925,,0.0,0.0,41.25,0.0123785842326397,0.0001149688745161,,0.0001149688745161,9.770796253694618e-05,102.2,163191837310.626,141568761235.0,135915917616.263,0.2877665879597827,287766545.2177894,7.07,153.61744301288405,118.690501577198,,0.0088756754445316,5.504166666666668,False,,-0.0221574346139005,9.770796253694618e-05,0.0,-0.0004197055497526,-0.0003566928379907,0.0,-0.0451892785972113,0.0,-0.0004197055497526,0.0001970855174315,0.0011332669631298,0.0816484681703606,0.527820633880912,0.0007583284416941,154.08,1.9000768185784445,0,0.0,0,0,0.0
Indonesia,IDN,2021,0.0052081256201913,1206775300.586,0.0232770627561453,0.8686551109659224,2.4266666666666667,1.56007882983334,1.561,0.296,0.0092877240527268,0.0078933067546861,14308.1439011897,-4.405,1186509691086.73,1186.51,6.00397322136207,3.703,4287.17313995098,41.14,18.124,3.665833333333332,,,8.9225,,3.5,,,,13.9664354665972,31.745,,0.0,0.0,69.08333333333333,0.0232770627561453,0.000216190935637,,0.000216190935637,0.0001837329966823,115.0,231710098525.172,196223282177.0,144907809744.209,0.3606657273150679,360665633.4141069,6.49,156.01553234008676,124.266413825838,,0.0087746696010929,3.665833333333332,False,,-0.0113800740090022,0.0001837329966823,0.0,0.0080678289676423,0.0068565612548799,0.8686551109659224,0.0,0.0080678289676423,0.0,0.0001149688745161,0.0001970855174315,-0.0727700687236918,0.5676159669866041,-0.0006758683176036,156.48,1.5456258236691944,0,0.0,0,0,0.0
Indonesia,IDN,2022,0.0043111297194688,1259654668.981,-0.0138314791484619,0.5545894960353657,2.393333333333333,4.20946463714784,4.139,1.002,0.0092877240527268,0.0078933067546861,14849.8539362105,-2.307,1319101183380.15,1319.101,9.56898756346934,5.307,4730.83484836107,40.141,17.258,3.21,,,8.519999999999998,,5.5,,,,8.35491255424404,30.747,,-0.0138314791484619,-0.0001284629615719,97.1,0.0,0.0,,-0.0001284629615719,-0.0001091761077898,125.1,292186677494.872,237935368273.0,137222356128.227,0.4018812600936746,401881315.9628201,5.86,162.47217663975044,134.21120616846,,0.00815207257515,3.21,False,,-0.0709538996049926,0.0,-0.0001091761077898,0.0051508742017173,0.0043775450151339,0.5545894960353657,0.0,0.0051508742017173,0.0,0.000216190935637,0.0001149688745161,0.0335831137462907,0.5410531493857447,0.0003119106933068,163.07,4.125135018667869,0,-0.0,0,0,-0.0
Indonesia,IDN,2023,0.0046149031032785,1197695299.412,0.3151563280040294,1.7834995632246495,3.28,3.66938654859761,3.713,-0.149,0.0092877240527268,0.0078933067546861,15236.8846620506,-1.642,1371166925749.88,1371.167,1.53014176760928,5.049,4876.2992959843,39.601,16.637,4.634166666666668,,,8.926666666666668,,6.0,,,,3.5003275285658,30.194,,0.0,0.0,80.76666666666667,0.3151563280040294,0.0029270850079721,,0.0029270850079721,0.0024876255726162,108.4,259527724116.489,223107450095.0,146358992701.848,0.3519886347517753,351988615.6912244,5.32,168.50476855838437,139.73579356326,,0.007914224213238,4.634166666666668,False,,-0.0291764284136852,0.0024876255726162,0.0,0.0165646517913894,0.0140777091493808,1.7834995632246495,0.0,0.0165646517913894,0.0,-0.0001284629615719,0.000216190935637,0.0255295083611937,0.4832922350134264,0.0002371110288605,169.05,3.601497268070908,0,0.0,0,0,0.0
Indonesia,IDN,2024,0.0099359180306341,2646153269.705,0.8041320935025076,1.760040252669587,7.329999999999999,2.18151273615189,2.3,-0.615,0.0092877240527268,0.0078933067546861,15855.4482866711,-2.283,1396301788461.69,1396.302,0.8898087547351,5.033,4925.43644992666,40.165,16.866,5.426278690054415,,,8.795687849271582,,6.0,,,,4.75950395133225,30.782,,0.0,0.0,78.72500000000001,0.8041320935025076,0.0074685569863928,,0.0074685569863928,0.0063472612853032,110.2,266321970606.688,235062906805.0,155708275547.574,0.359080595294564,359080540.8942249,4.91,172.37972997124243,143.857336014608,,0.0075574565139156,5.426278690054415,False,,-0.0450793014842355,0.0063472612853032,0.0,0.0163467681884868,0.0138925376149163,1.760040252669587,0.0,0.0163467681884868,0.0,0.0029270850079721,-0.0001284629615719,0.0606244218380354,0.4625126033166225,0.0005630629008877,172.74,2.159304469824441,0,0.0,0,0,0.0
Nigeria,NGA,1991,,,-0.0595978644311211,-0.775070464125905,1.1941666666666666,13.00697310374273,,1.42,0.0031545706745112,0.0097781988161138,9.909491666666664,-1.181,59526833412.35814,84.676,18.86390680152236,-0.552,596.9387957107224,53.232,13.611,14.91666666666667,,,20.04166666666666,,,,,17.0,37.3802138978897,13.067,1015.028152381958,-0.0595978644311211,-0.0001880056753979,19.39166666666667,0.0,0.0,60.09153593153863,-0.0001880056753979,-0.0005827597674233,,,,4678023330.16922,,,,2.73,62.4573407534626,,66.29481112880431,14.91666666666667,False,,,0.0,-0.0005827597674232,-0.0024450145568113,-0.0075787930947206,0.0,-0.775070464125905,0.0,-0.0024450145568113,,,0.0571476463138012,0.3990981883908845,0.0001802762891788,2.73,12.467486169430476,0,-0.0,0,0,-0.0
Nigeria,NGA,1992,,,-0.0828962751108572,-0.9716642309346012,1.0991666666666666,44.58884271502302,,3.081,0.0031545706745112,0.0097781988161138,17.298425,0.942,52058181853.805466,73.614,46.75235535812047,2.193,508.5159056827852,49.825,15.948,18.04166666666666,,,24.75833333333333,,,,,17.89166666666667,63.2602537657287,11.868,646.6879620574047,-0.0828962751108572,-0.0002615021584909,19.025,0.0,0.0,49.76860408286196,-0.0002615021584909,-0.0008105762591492,,,,1196052750.412502,,,,3.94,64.3490609806525,,53.198477316164336,18.04166666666666,False,-0.1884846534208635,-0.2200818565504123,0.0,-0.0008105762591492,-0.0030651834883777,-0.0095011260325848,0.0,-0.9716642309346012,0.0,-0.0030651834883777,-0.0001880056753979,,0.0237729730844122,0.4202906129962634,7.49935237380308e-05,3.94,36.68791141129741,0,-0.0,0,0,-0.0
Nigeria,NGA,1993,,,0.0172871648143125,-0.8892070320380963,1.1183333333333334,57.16525283492166,,-0.976,0.0031545706745112,0.0097781988161138,22.0654,-6.075,56721051402.47319,79.996,41.63905871984488,1.569,539.5732022975423,50.436,20.001,23.24166666666667,,,31.65,,,,,24.5,53.7579683240045,10.695,492.9040683256436,0.0,0.0,16.849999999999998,0.0172871648143125,5.453358316867374e-05,54.43134671452952,5.453358316867374e-05,0.0001690373345212,,,,1640443738.876301,,,,6.2,66.2484245218916,,63.74646214050177,23.24166666666667,False,0.0895558691607498,0.1808839126019439,0.0001690373345212,0.0,-0.0028050664268365,-0.0086948431479549,0.0,-0.8892070320380963,0.0,-0.0028050664268365,-0.0002615021584909,-0.0001880056753979,0.0391319842297512,0.396084802070798,0.0001234446098866,6.2,45.33685687412034,0,0.0,0,0,0.0
Nigeria,NGA,1994,,,0.222248963510401,1.4950211144350354,1.3966666666666665,57.03170891196598,,-1.886,0.0031545706745112,0.0097781988161138,21.996,-2.958,80399613063.63637,112.837,43.29646429355199,0.257,744.8842471513773,39.693,12.062,13.09166666666666,,,20.48333333333333,,,,,12.86666666666667,34.4951421517432,13.28,645.6885224593531,0.0,0.0,15.891666666666666,0.222248963510401,0.0007011000627304,100.615216704079,0.0007011000627304,0.0021731945518799,,,,1649172399.198617,,,,9.73,67.9758134970225,,97.8062194642614,13.09166666666666,False,0.6143632914337047,0.4280744820595634,0.0021731945518799,0.0,0.0047161497653718,0.0146186136912337,1.4950211144350354,0.0,0.0047161497653718,0.0,5.453358316867374e-05,-0.0002615021584909,-0.0246540126823049,0.4105678170613156,-7.777282541662624e-05,9.73,45.06646041468676,0,0.0,0,0,0.0
Nigeria,NGA,1995,,,0.0259142887654703,1.180041698704018,1.4333333333333331,72.83550229726364,,-1.385,0.0031545706745112,0.0097781988161138,21.89525833333333,2.521,140919776986.36365,186.207,75.40165318995469,1.872,1271.616173531988,24.172,8.874,13.53083333333333,,,20.23333333333333,,,,,12.5,19.4117147450513,12.808,617.9323204289658,0.0,0.0,17.175,0.0259142887654703,8.17484553903699e-05,160.1530252877922,8.17484553903699e-05,0.0002533950677269,,,,1709113521.063491,,,,16.82,69.8828203523109,,165.2179581101753,13.53083333333333,False,0.4648262605047923,0.5242773917234107,0.0002533950677269,0.0,0.003722524937432,0.0115386823412325,1.180041698704018,0.0,0.003722524937432,0.0,0.0007011000627304,5.453358316867374e-05,-0.0742450772516676,0.5103884940970569,-0.0002342113434249,16.82,54.73547583468883,0,0.0,0,0,0.0
Nigeria,NGA,1996,0.0106904570509263,121805960.0,0.0161479864079822,0.8815264538792391,1.4566666666666668,29.26829268292715,29.291,1.442,0.0031545706745112,0.0097781988161138,21.884425,3.372,185730236700.0,243.178,26.49108985637216,4.052,1632.7246937027587,17.9,7.866,13.05916666666666,,,19.83666666666667,,,,,12.25,16.1781585908082,14.102,639.5897871408825,0.0,0.0,20.425,0.0161479864079822,5.093996437502757e-05,207.4642806734024,5.093996437502757e-05,0.0001578982215771,,11393896390.0,5335465045.0,4329391828.017693,0.0900734405568116,68794715.94881116,,21.75,71.9312285175105,,207.6626539517159,13.05916666666666,False,0.2588294173039775,0.2286493466214301,0.0001578982215771,0.0,0.0027808375002132,0.0086197409276949,0.8815264538792391,0.0,0.0027808375002132,0.0,8.17484553903699e-05,0.0007011000627304,0.0898974209114555,0.5060119144911213,0.0002835877677214,21.75,25.704510298989103,0,0.0,0,0,0.0
Nigeria,NGA,1997,0.0007928545106092,8851367.0,0.1057608931619591,1.181717783132627,1.6191666666666666,8.529874213836331,10.673,0.208,0.0031545706745112,0.0097781988161138,21.88605,1.136,200850397618.18185,264.554,5.055345931079145,2.886,1720.275409493957,17.14,9.68,7.169166666666665,,,17.795,,,,,12.0,16.0390029485685,13.624,689.6790078465658,0.0,0.0,19.166666666666668,0.1057608931619591,0.0003336302120788,235.9794696593218,0.0003336302120788,0.0010341510403074,,11163923370.0,6363504760.0,7781250308.622947,0.0872660862903531,66252742.84267107,,23.6,73.6127576083459,,220.1624682612081,7.169166666666665,False,0.1287856247527941,0.0584508588299268,0.0010341510403074,0.0,0.0037278122642185,0.011555071428008,1.181717783132627,0.0,0.0037278122642185,0.0,5.093996437502757e-05,8.17484553903699e-05,-0.0150484099710244,0.4778125096326485,-4.747127279261551e-05,23.6,8.163295449687169,0,0.0,0,0,0.0
Nigeria,NGA,1998,0.0028145589433612,19332984.0,0.0343989403952119,1.2938843190083755,1.6758333333333333,9.996378123868064,7.862,-1.437,0.0031545706745112,0.0097781988161138,21.886,-3.474,218416200672.7273,295.269,6.009344303632688,2.496,1822.4699845247333,15.811,11.163,10.10833333333333,,,18.18416666666667,,,,,12.25833333333333,22.3177575904719,12.373,753.1100893835963,0.0,0.0,13.066666666666668,0.0343989403952119,0.0001085138886049,272.9493326232497,0.0001085138886049,0.000336359678248,,6868921344.0,5764245504.0,7298545693.374292,0.057839880050516,42785280.02601018,,25.96,74.755433058709,,238.4774330125859,10.10833333333333,False,0.1455413749009579,0.0799089194616424,0.000336359678248,0.0,0.0040816495289537,0.0126518581163159,1.2938843190083755,0.0,0.0040816495289537,0.0,0.0003336302120788,5.093996437502757e-05,0.0715628216471024,0.4876042746482255,0.0002257499785532,25.96,9.531017980432477,0,0.0,0,0,0.0
Nigeria,NGA,1999,0.0013963302602331,22513736.0,-0.3896779030631943,-1.558798518646719,1.135,6.618373394797556,6.618,0.625,0.0031545706745112,0.0097781988161138,92.33810000000004,-1.391,59145077039.14369,80.94,13.430571635121112,0.522,480.6693639418046,46.114,14.918,12.81083333333333,,,20.29,,,,,17.81666666666667,33.1210582009053,11.503,183.9331088227541,-0.3896779030631943,-0.0012292664855082,18.091666666666665,0.0,0.0,69.18196352808654,-0.0012292664855082,-0.0038103480103982,,16123503616.0,4482496512.0,5649725440.52047,0.3483975532631808,254583643.7855201,,27.68,76.391102265249,,58.97855553510163,12.81083333333333,False,-1.3725459971807714,-1.397100773029922,0.0,-0.0038103480103982,-0.0049173400943944,-0.0152422418295912,0.0,-1.558798518646719,0.0,-0.0049173400943944,0.0001085138886049,0.0003336302120788,-0.2053324825201947,0.5368022025081163,-0.0006477358278827,27.68,6.415323891357927,0,-0.0,0,0,-0.0
Nigeria,NGA,2000,7.865260742641397e-05,2129914.0,-0.2246130592935695,-1.3747722248362335,0.9066666666666668,6.933292155651596,6.937,7.776,0.0031545706745112,0.0097781988161138,101.6973333333333,2.887,69171451627.24646,95.51,22.67373740081544,5.519,547.3182989033786,40.903,17.57,11.69083333333334,,,21.27416666666667,,,,,15.5,48.0675226932787,21.969,178.6275900304273,-0.2246130592935695,-0.0007085577699597,28.23333333333333,0.0,0.0,70.14571184422826,-0.0007085577699597,-0.0021963111504681,,27080017684.0,5817035398.0,10099448197.5379,0.4755871433677117,344435693.4561826,,29.6,78.9707207568715,,55.3946472085464,11.69083333333334,False,0.0138344903085556,-0.0626909440285823,0.0,-0.002196311150468,-0.0043368161446009,-0.0134427961413197,0.0,-1.3747722248362335,0.0,-0.0043368161446009,-0.0012292664855082,0.0001085138886049,0.0851699534866394,0.5504658633469912,0.0002686746376184,29.6,6.7064230580546,0,-0.0,0,0,-0.0
Nigeria,NGA,2001,6.298098226934321e-06,113658.0,0.163299874480846,-0.6175967524869918,1.0675,18.87364620938625,18.869,2.406,0.0031545706745112,0.0097781988161138,111.23125,-2.288,73557840064.48904,102.98,10.076477244821971,6.667,566.4282318129331,37.705,21.912,15.25583333333334,,,23.43833333333333,,,,,17.5,26.3768004240801,15.28,172.1158933820019,0.0,0.0,24.34166666666667,0.163299874480846,0.0005151409951886,78.16484008858649,0.0005151409951886,0.0015967786393201,,18046400025.0,7958202243.0,10646598366.04769,0.3535259089337241,252520899.86405125,,35.19,81.2025684592531,,58.55640952909796,15.25583333333334,False,0.1082452549072918,0.0555075867863994,0.0015967786393201,0.0,-0.0019482526040688,-0.006038983834004,0.0,-0.6175967524869918,0.0,-0.0019482526040688,-0.0007085577699597,-0.0012292664855082,0.0766707334444198,0.4971579782978531,0.000241863247317,35.19,17.298759000347896,0,0.0,0,0,0.0
Nigeria,NGA,2002,3.80291670227183e-05,707624.0,0.5098884165746165,1.1961792687208084,1.7775,12.87657920310986,12.883,0.818,0.0031545706745112,0.0097781988161138,120.5781583333334,0.953,95054059302.69946,132.347,21.10905000292269,14.604,712.1648520776855,30.724,13.763,16.67,,,24.77083333333333,,,,,19.0325,18.8210982703839,10.643,156.5823248921972,0.0,0.0,24.933333333333334,0.5098884165746165,0.0016084790461992,78.40216472261477,0.0016084790461992,0.0049857903113001,,18607402039.0,8758472458.0,7566806239.091186,0.2878980098035942,206773666.9286044,,39.72,82.490466876552,,60.01897697846327,16.67,False,0.0030316070244582,0.0246702401023846,0.0049857903113,0.0,0.0037734320425649,0.0116964787092656,1.1961792687208084,0.0,0.0037734320425649,0.0,0.0005151409951886,-0.0007085577699597,0.043814842279044,0.4867141797683448,0.0001382170165618,39.72,12.109288784347829,0,0.0,0,0,0.0
Nigeria,NGA,2003,1.7504024929664856e-05,421447.0,-0.0151160176263501,1.039447246619466,1.7508333333333332,14.03178361314368,14.034,2.339,0.0031545706745112,0.0097781988161138,129.22235,-1.559,104738954264.2257,144.955,9.804323776722242,9.503,763.3887453672226,29.886,16.479,14.2175,,,20.71416666666667,,,,,14.79083333333333,13.5113689675845,13.69,132.3918015972943,-0.0151160176263501,-4.7684545919479855e-05,28.916666666666668,0.0,0.0,73.65574495397323,-4.7684545919479855e-05,-0.0001478074256583,,24077148067.0,14891746234.0,7415087386.001195,0.3720573169242543,268834426.55306816,,45.29,84.3630788186188,,62.4401620938744,14.2175,False,-0.0624493949181106,0.0395478964484343,0.0,-0.0001478074256583,0.0032790098018871,0.0101639218363072,1.039447246619466,0.0,0.0032790098018871,0.0,0.0016084790461992,0.0005151409951886,0.0922984513720468,0.4989132948326338,0.000291161988001,45.29,13.123141839115071,0,-0.0,0,0,-0.0
Nigeria,NGA,2004,,,-0.1218369341377534,0.3483493414015277,1.55,14.99803381832511,15.001,9.175,0.0031545706745112,0.0097781988161138,132.888025,3.897,135764731645.61142,183.553,22.368341474784387,10.442,962.48104194733,25.201,13.023,13.69833961278208,,,19.18083333333334,,,,,14.33916666666666,20.6770255396204,18.517,120.3501077446362,-0.1218369341377534,-0.0003843432195033,37.73333333333333,0.0,0.0,75.30045861285988,-0.0003843432195033,-0.0011913457651447,,,,17256543969.16349,,,,52.08,86.6216781201727,,68.00021601323809,13.69833961278208,False,0.0220840819486189,0.0853021901983206,0.0,-0.0011913457651447,0.0010988926168705,0.0034062291176864,0.3483493414015277,0.0,0.0010988926168705,0.0,-4.7684545919479855e-05,0.0016084790461992,0.0364603401082863,0.5268656094428527,0.0001150167196883,52.08,13.96947403321911,0,-0.0,0,0,-0.0
Nigeria,NGA,2005,,,-0.0075553516444496,0.0052691144906505,1.538333333333333,17.86349336616049,17.856,15.291,0.0031545706745112,0.0097781988161138,131.2743333333334,3.485,175670569969.3456,238.895,19.85849477077932,7.008,1211.3770350438622,13.45,12.649,10.5325,,,17.94833333333334,,,,,7.8275,22.6036325203928,19.604,120.2675173157491,-0.0075553516444496,-2.3833890733201428e-05,53.38333333333333,0.0,0.0,86.24865705969417,-2.3833890733201428e-05,-7.387773050508169e-05,120.5,,,28632051717.2055,,,,61.39,89.5605323721102,,78.47889911054823,10.5325,False,0.1357482602043358,0.1433189056790214,0.0,-7.387773050508052e-05,1.6621794052848087e-05,5.152244907444679e-05,0.0052691144906505,0.0,1.6621794052848087e-05,0.0,-0.0003843432195033,-4.7684545919479855e-05,0.0466713052969325,0.5010871027979699,0.0001472279310308,61.39,16.4465957539091,0,-0.0,0,0,-0.0
Nigeria,NGA,2006,0.0002984044815011,17670091.0,0.0351286785485493,-0.4277234890696032,1.5933333333333335,8.227436781209072,8.227,11.64,0.0031545706745112,0.0097781988161138,128.6516666666667,6.22,238454997161.47983,313.737,23.864381126548068,6.726,1599.5389155636483,6.678,8.746,9.751666666666669,,,16.89333333333334,,,,,8.879166666666668,36.3507212028386,23.465,121.1947707342812,0.0,0.0,64.29166666666667,0.0351286785485493,0.0001108158991835,91.4227231698175,0.0001108158991835,0.000343495202995,131.8,59215233334.0,22903337702.0,42735039033.30806,0.3443776478309236,261743342.4683732,,66.44,92.4497050827274,,83.95768084716384,9.751666666666669,False,0.0582595744545502,0.0674830849398624,0.000343495202995,0.0,-0.0013492839754185,-0.0041823653144444,0.0,-0.4277234890696032,0.0,-0.0013492839754185,-2.3833890733201428e-05,-0.0003843432195033,0.0668722669268504,0.4983471213725363,0.0002109532921855,66.44,7.905232930568928,0,0.0,0,0,0.0
Nigeria,NGA,2007,0.0087865504340762,474149594.0,0.2032823448964489,1.566573075667569,1.9525,5.38610421570143,5.386,7.372,0.0031545706745112,0.0097781988161138,125.8081083333334,-0.793,278260846800.103,375.055,7.099730993448915,7.318,1815.5269754582685,5.764,12.878,10.28833333333333,,,16.93916666666666,,9.5,,,6.82,87.7613486371324,19.418,117.59467347625,0.0,0.0,71.125,0.2032823448964489,0.0006412685238562,90.50814956669193,0.0006412685238562,0.0019877351842033,135.5,53963110729.0,32357346936.0,51906164585.68264,0.3102141701128756,230154131.1674288,,70.01,95.0869923788515,,87.95936619035358,10.28833333333333,False,-0.0100541628101487,0.0465620875477439,0.0019877351842032,0.0,0.0049418654839797,0.0153182629938483,1.566573075667569,0.0,0.0049418654839797,0.0,0.0001108158991835,-2.3833890733201428e-05,-0.0487167385062576,0.4730573659334207,-0.0001536803946496,70.01,5.233880424401249,0,0.0,0,0,0.0
Nigeria,NGA,2008,0.0073484253828663,601251974.0,0.2773859711995169,1.6514400008754295,2.5766666666666667,11.58305479668096,11.583,6.171,0.0031545706745112,0.0097781988161138,118.5666666666667,4.045,339476276257.7929,472.283,7.921387202323132,7.199,2154.1054354536427,5.167,10.211,11.8675,,,15.13583333333333,,9.75,,,8.203333333333331,42.2234295522794,18.272,122.0236219048351,0.0,0.0,96.99166666666667,0.2773859711995169,0.0008750336502668,99.54218492401633,0.0008750336502668,0.0027123351751897,155.1,81820518366.0,28193597338.0,53598093556.53675,0.3240701144620104,232941087.66142333,,78.12,98.7374773853445,,100.2927070018853,11.8675,False,0.0951416262883748,0.1312180204756901,0.0027123351751896,0.0,0.0052095841974763,0.016148108661443,1.6514400008754295,0.0,0.0052095841974763,0.0,0.0006412685238562,0.0001108158991835,0.0696786420191273,0.483645039456313,0.0002198062007533,78.12,10.96080170193714,0,0.0,0,0,0.0
Nigeria,NGA,2009,0.0286238928507339,1429404493.0,0.1144715359777107,1.297066385192554,2.8891666666666667,12.5379242951095,12.538,3.256,0.0031545706745112,0.0097781988161138,148.88,-3.782,295008835380.9966,425.922,0.6860988745819157,8.353,1820.4863385478188,6.119,10.958,12.95833333333334,,,18.99083333333333,,6.0,,,3.785,14.8643529361757,15.723,102.5759959348022,0.0,0.0,61.75833333333333,0.1144715359777107,0.0003611085504615,92.63365405286558,0.0003611085504615,0.0011193254375759,113.0,49937459606.0,33906281580.0,43129830238.10476,0.2842075596743327,196852337.2495433,,87.92,98.3864199710624,,90.2127492089284,12.95833333333334,False,-0.0719290130787264,-0.1059222196184634,0.0011193254375759,0.0,0.0040916875816226,0.0126829729921108,1.297066385192554,0.0,0.0040916875816226,0.0,0.0008750336502668,0.0006412685238562,0.0334383288553787,0.4591740859156752,0.0001054835716118,87.92,11.81812040868877,0,0.0,0,0,0.0
Nigeria,NGA,2010,0.0148208561176774,1283010576.0,0.081395212785313,1.0956237748700806,3.1341666666666668,13.74005213636941,13.74,2.489,0.0031545706745112,0.0097781988161138,150.2975,-2.962,366990417129.0396,526.809,16.34276632536597,11.259,2202.25672957344,6.67,11.782,6.520833333333335,,,17.585,,6.25,,,3.848333333333332,6.72486734324051,15.156,100.0000000000001,0.0,0.0,79.03333333333333,0.081395212785313,0.0002567669512981,100.0,0.0002567669512981,0.0007958985732946,132.6,86567912529.0,44235268667.0,33305051215.69726,0.3564212445089745,248293368.5567255,5.092,100.0,100.0,,100.0,6.520833333333335,False,0.076517675666178,0.1029994251279102,0.0007958985732946,0.0,0.0034562226305024,0.0107132270983407,1.0956237748700806,0.0,0.0034562226305024,0.0,0.0003611085504615,0.0008750336502668,0.0503936549154069,0.4466360243944612,0.0001589703459775,100.0,12.874287589272626,0,0.0,0,0,0.0
Nigeria,NGA,2011,0.0089954126322063,1130192919.0,-0.0507197033422284,0.5830139577638375,2.9791666666666665,10.8261371880018,10.826,1.804,0.0031545706745112,0.0097781988161138,153.8625,0.307,414466676831.15967,591.367,9.77845809671294,4.887,2418.4131697587463,12.378,12.283,5.692500000000002,,,16.02,,12.0,,,9.700833333333332,21.685616238181,13.809,94.46874475377084,-0.0507197033422284,-0.0001599988887833,103.99166666666667,0.0,0.0,100.5037674491366,-0.0001599988887833,-0.0004959473431746,152.0,125641031180.0,63971541901.0,33691784435.73761,0.4574856886703151,320634349.0269156,5.957,110.83,103.156841568622,,104.94899128538258,5.692500000000002,False,0.0050250278645025,0.0483042488496314,0.0,-0.0004959473431746,0.0018391587339925,0.0057008263915841,0.5830139577638375,0.0,0.0018391587339925,0.0,0.0002567669512981,0.0003611085504615,-0.022392514245551,0.4856084201187298,-7.063876876758947e-05,110.83,10.282730979947008,0,-0.0,0,0,-0.0
Nigeria,NGA,2012,0.0265149605860461,3795647970.0,-0.2196531463744412,-1.3267103132643563,2.3916666666666666,12.2242413020582,12.224,2.641,0.0031545706745112,0.0097781988161138,157.5,-0.091,463971018239.2805,657.854,9.947636706357343,4.279,2633.197346713614,12.482,10.539,8.405000000000001,,,16.79166666666667,,12.0,,,13.635,27.0844679750277,13.568,95.36477473570332,-0.2196531463744412,-0.0006929113741169,105.025,0.0,0.0,110.4980523774711,-0.0006929113741169,-0.0021478121358342,153.0,143151182808.0,35872509437.0,44973806131.6587,0.3858510234634383,272132862.6792571,10.566,124.37,105.291504532867,,112.71805895952711,8.405000000000001,False,0.0948026814066338,0.0714152125860456,0.0,-0.0021478121358342,-0.0041852014477953,-0.0129728372144874,0.0,-1.3267103132643563,0.0,-0.0041852014477953,-0.0001599988887833,0.0002567669512981,-0.0408772736886291,0.5126475628471345,-0.0001289502488321,124.37,11.526349787808776,0,-0.0,0,0,-0.0
Nigeria,NGA,2013,0.0223459747416487,2023528231.0,0.0193242728264028,-0.9853850885501096,2.438333333333333,8.495518382656781,8.496,2.592,0.0031545706745112,0.0097781988161138,157.3116666666667,-1.89,520117180313.906,734.89,4.964745715592514,5.394,2872.790833793982,12.988,10.045,7.945,,,16.7225,,12.0,,,10.8525,14.3020860661396,13.406,96.07444659210276,0.0,0.0,104.08333333333331,0.0193242728264028,6.09597843644255e-05,117.5500827035588,6.09597843644255e-05,0.0001889565816733,154.1,90554484841.0,44598201120.0,43675023637.58044,0.259850455005988,183908729.1444978,9.955,134.94,106.833848874866,,120.67648599493344,7.945,False,0.0618665832872897,0.0682236480716937,0.0001889565816733,0.0,-0.0031084669034407,-0.0096352913062768,0.0,-0.9853850885501096,0.0,-0.0031084669034407,-0.0006929113741169,-0.0001599988887833,-0.0209365687124982,0.5091967482581506,-6.604588568533553e-05,134.94,8.156924153362954,0,0.0,0,0,0.0
Nigeria,NGA,2014,0.0082446658182487,848198850.0,0.2276446841950015,0.7301763555111299,3.061666666666667,8.047410879679072,8.047,0.112,0.0031545706745112,0.0097781988161138,158.5526416666667,-1.725,574183763411.5076,811.134,4.662622917366278,6.31,3088.7213131616927,15.765,9.491,9.3375,,,16.54833333333334,,13.0,,,10.5425,-0.794167076060823,11.476,96.70271527883658,0.0,0.0,96.24166666666667,0.2276446841950015,0.0007181212449699,124.8443873856297,0.0007181212449699,0.0022259549814901,146.2,102878499711.0,46532265378.0,35070259874.48712,0.2602141937996945,184199854.8809445,7.841,145.8,108.566932118964,,127.30288112312736,9.3375,False,0.0602035823079685,0.0534558423579554,0.0022259549814901,0.0,0.0023033929183168,0.0071398095750132,0.7301763555111299,0.0,0.0023033929183168,0.0,6.09597843644255e-05,-0.0006929113741169,0.0196424391309584,0.5264524429400053,6.196346245839264e-05,145.8,7.740558437527856,0,0.0,0,0,0.0
Nigeria,NGA,2015,0.0125080126936989,605804973.73,0.0242012349301992,0.9373300204222236,3.1366666666666667,9.009434980077064,9.009,-2.218,0.0031545706745112,0.0097781988161138,192.4403333333333,-2.697,493026682800.6295,696.088,2.8636651230017094,2.653,2585.733606717974,14.93,7.847,9.148333333333332,,,16.84916666666666,,11.0,,,9.393333333333333,4.09015662855131,8.984,86.90823975011384,0.0,0.0,50.75,0.0242012349301992,7.634450599776445e-05,119.8661054199807,7.634450599776445e-05,0.0002366444867429,100.0,48433351369.653,33830878655.195,29011450144.30998,0.1668555331681998,118180790.39553618,9.0,158.93,108.695721960694,,114.1955257041237,9.148333333333332,False,-0.0406927291943182,-0.1086570208725667,0.0002366444867429,0.0,0.0029568737947629,0.0091653992960005,0.9373300204222236,0.0,0.0029568737947629,0.0,0.0007181212449699,6.09597843644255e-05,-0.0377077351002572,0.5510878022168729,-0.0001189517153495,158.93,8.622803413417035,0,0.0,0,0,0.0
Nigeria,NGA,2016,0.0089019784160127,292724161.0,-0.0816158537355205,0.3068761429613504,2.890833333333333,15.69681263879722,15.697,0.89,0.0031545706745112,0.0097781988161138,253.492,-3.298,404649125252.1596,570.351,9.543670064090648,-1.617,2070.412733959496,17.376,6.931,7.49520093404461,,,16.86801576411905,,14.0,,,10.14083333333333,31.9221686077306,12.008,71.53257229624265,-0.0816158537355205,-0.0002574629787692,42.80833333333334,0.0,0.0,110.9532034863092,-0.0002574629787692,-0.0007980560443727,88.8,32883045467.0,35194301007.0,28020197619.33794,0.1682379677246977,119360440.27975756,13.375,183.88,110.06700893427,,99.05236040966228,7.49520093404461,False,-0.0772668094554038,-0.1422635136339911,0.0,-0.0007980560443727,0.0009680624812929,0.0030006959377982,0.3068761429613504,0.0,0.0009680624812929,0.0,7.634450599776445e-05,0.0007181212449699,0.0550494634158944,0.5217494320915921,0.0001736574229393,183.88,14.581951722929889,0,-0.0,0,0,-0.0
Nigeria,NGA,2017,0.0057595790493726,256107554.376,-0.3539196114530595,-1.4579152427567046,2.029166666666667,16.50226621396411,16.502,2.563,0.0031545706745112,0.0097781988161138,305.7901091600048,-3.845,375745731053.4268,529.144,11.1189180817816,0.806,1876.3402711177296,18.005,8.515,9.554486103853773,,,17.55333333333334,,14.0,,,13.41331667019158,1.38782910951685,13.665,56.92899739091003,-0.3539196114530595,-0.0011164644274242,52.81666666666666,0.0,0.0,101.6257702498662,-0.0011164644274242,-0.0034606963257097,100.3,44466366757.115,31270090265.079,40499220796.36516,0.2015630538499055,143130144.19929925,17.462,214.23,112.411557302308,,93.6693801168064,9.554486103853773,False,-0.0878113750310358,-0.05587725388225,0.0,-0.0034606963257097,-0.0045990966707231,-0.0142557851007178,0.0,-1.4579152427567046,0.0,-0.0045990966707231,-0.0002574629787692,7.634450599776445e-05,-0.0234374425052035,0.5736667424666486,-7.393506881245728e-05,214.23,15.276683329110163,0,-0.0,0,0,-0.0
Nigeria,NGA,2018,0.0060019485424068,374519766.497,0.1220177254078842,-0.7903235680404951,2.2925,12.09510651734316,12.095,1.226,0.0031545706745112,0.0097781988161138,306.0836882452342,-3.064,421739251509.0796,593.897,10.228485086598042,1.923,2057.8794455401057,20.377,9.104,9.700712082229392,,,16.90389696468857,,14.0,,,10.08483293848151,14.9821100195079,15.389,56.2104130624195,0.0,0.0,68.35833333333333,0.1220177254078842,0.0003849135383422,110.0474715557452,0.0003849135383422,0.0011931135781282,114.8,62399696340.418,43011519138.034,43719362674.79103,0.2499440474209278,177490735.7310308,22.562,240.14,115.157303224791,,102.39637713328015,9.700712082229392,False,0.079614685121311,0.0890799829571147,0.0011931135781282,0.0,-0.0024931315511156,-0.0077279409773604,0.0,-0.7903235680404951,0.0,-0.0024931315511156,-0.0011164644274242,-0.0002574629787692,0.1085859528429598,0.5481223938028289,0.0003425420625022,240.14,11.417188237344345,0,0.0,0,0,0.0
Nigeria,NGA,2019,0.0058066246176736,311338508.21,0.021220001403217,-0.4286396408196857,2.341666666666667,11.39642233781149,11.396,-2.048,0.0031545706745112,0.0097781988161138,306.9209514952225,-3.307,668219992686.575,668.219,55.44488405348676,2.208,3189.812864961828,21.44,8.869,8.900516802916668,,,15.37658698083333,,13.5,,,9.635000000000002,6.44863105130051,18.336,58.33096994914755,0.0,0.0,61.41666666666666,0.021220001403217,6.693999413967655e-05,124.3560814523653,6.693999413967655e-05,0.0002074933925988,105.4,53617812190.3,47369076912.28,39382191478.77294,0.1511282065904115,151128431.10204887,,267.51,117.244195476228,,111.73105288717127,8.900516802916668,False,0.1222372426882749,0.0872433375887915,0.0002074933925988,0.0,-0.0013521740408627,-0.0041913236284024,0.0,-0.4286396408196857,0.0,-0.0013521740408627,0.0003849135383422,-0.0011164644274242,-0.0059041029666317,0.5519386964851021,-1.862491007783094e-05,267.51,10.793486221232572,0,0.0,0,0,0.0
Nigeria,NGA,2020,0.0100350891884426,350229340.12,0.0123785842326397,-0.0451892785972113,2.370833333333333,13.24602342765982,13.246,-2.67,0.0031545706745112,0.0097781988161138,358.8107972582972,-4.026,598586817817.3922,598.725,11.252484243861517,-6.369,2797.184580679,25.723,8.732,4.646627485650052,,,13.64202167187958,,11.5,,,1.6325,11.6325456444643,18.389,50.70233760617332,0.0,0.0,41.25,0.0123785842326397,3.9049118812252935e-05,119.6081330145972,3.9049118812252935e-05,0.0001210402576887,78.8,34900471091.314,55455401890.467,38028751517.61499,0.150948651544387,150913813.48996785,,302.94,118.690501577198,,106.91211211927916,4.646627485650052,False,-0.0389282339845094,-0.0440875551305026,0.0001210402576887,0.0,-0.000142552773065,-0.0004418697504802,0.0,-0.0451892785972113,0.0,-0.000142552773065,6.693999413967655e-05,0.0003849135383422,0.0816484681703606,0.527820633880912,0.0002575658633089,302.94,12.437781728398178,0,0.0,0,0,0.0
Nigeria,NGA,2021,0.0132188451562725,624348699.692,0.0232770627561453,0.8686551109659224,2.4266666666666667,16.95284572216079,16.953,-0.534,0.0031545706745112,0.0097781988161138,401.152029220779,-3.967,609147716965.3478,609.479,12.636912509085292,1.109,2787.487792209909,26.624,9.089,4.20684802645598,,,11.48313279471369,,11.5,,,2.166666666666667,14.2374143355273,18.699,43.36354155090833,0.0,0.0,69.08333333333333,0.0232770627561453,7.342913955929491e-05,117.088013681759,7.342913955929491e-05,0.0002276077474847,120.7,47231712930.364,52068286983.145,41727503547.23157,0.1630146467727102,162926039.9677577,,354.3,124.266413825838,,106.82186359745027,4.20684802645598,False,-0.0212949353117917,-0.0008444939733118,0.0002276077474847,0.0,0.0027402339393173,0.0084938823776581,0.8686551109659224,0.0,0.0027402339393173,0.0,3.9049118812252935e-05,6.693999413967655e-05,-0.0727700687236918,0.5676159669866041,-0.0002295583247779,354.3,15.660924577254676,0,0.0,0,0,0.0
Nigeria,NGA,2022,0.0107321583971542,680598191.574,-0.0138314791484619,0.5545894960353657,2.393333333333333,18.84718778432741,18.847,0.158,0.0031545706745112,0.0097781988161138,425.979158066857,-4.001,646950257575.4548,645.682,8.046649489794916,4.319,2899.160474692671,29.838,10.612,5.963357489383212,,,12.33454423523264,,16.5,,,3.564166666666668,17.4226051694979,18.635,43.79388691823525,-0.0138314791484619,-4.363237850685229e-05,97.1,0.0,0.0,133.4126308305482,-4.363237850685229e-05,-0.0001352469530345,146.9,63416711381.605,60671382373.661,36809762970.19695,0.191804690240491,192181435.6839218,,421.07,134.21120616846,,110.69523504873456,5.963357489383212,False,0.1305209071994415,0.0356181740579417,0.0,-0.0001352469530345,0.0017494917605851,0.0054228863535621,0.5545894960353657,0.0,0.0017494917605851,0.0,7.342913955929491e-05,3.9049118812252935e-05,0.0335831137462907,0.5410531493857447,0.0001059403057828,421.07,17.26550787733485,0,-0.0,0,0,-0.0
Nigeria,NGA,2023,0.0125142940732818,815043553.155,0.3151563280040294,1.7834995632246495,3.28,24.65955020311396,24.66,1.318,0.0031545706745112,0.0097781988161138,645.1940678832015,-3.125,487387801877.803,487.347,10.83431753305358,3.316,2138.763837187565,36.336,10.414,7.83855968526663,,,14.01055373497496,,18.75,,,4.7325,50.9219774754511,18.87,32.02837055362159,0.0,0.0,80.76666666666667,0.3151563280040294,0.0009941829102081,115.7807757248629,0.0009941829102081,0.0030816612333798,127.4,65129007547.867,65047894217.899,33452495121.73291,0.2670910130787469,267113374.58887807,,524.91,139.73579356326,,87.50614905100413,7.83855968526663,False,-0.1417482742678624,-0.2350717292016195,0.0030816612333797,0.0,0.005626175420152,0.0174394133176627,1.7834995632246495,0.0,0.005626175420152,0.0,-4.363237850685229e-05,7.342913955929491e-05,0.0255295083611937,0.4832922350134264,8.053463841091013e-05,524.91,22.042772867986304,0,0.0,0,0,0.0
Nigeria,NGA,2024,0.0367190101930179,1922669824.932,0.8041320935025076,1.760040252669587,7.329999999999999,33.24165905527488,33.242,6.828,0.0031545706745112,0.0097781988161138,1478.965197400233,-1.272,252261880140.2709,252.109,14.080185108977489,4.071,1084.1604180505808,39.333,12.028,11.62409271577534,,,16.28957475907052,,27.5,,,16.01916666666667,,23.611,13.49508490727797,0.0,0.0,78.72500000000001,0.8041320935025076,0.0025366915205963,64.00504096354436,0.0025366915205963,0.0078629634846854,127.1,52361700787.283,40967693021.417,40405994024.79862,0.3699702616852135,370194613.4755205,,699.39,143.857336014608,,49.40617212229263,11.62409271577534,False,-0.5927366933053442,-0.5716337076269027,0.0078629634846853,0.0,0.0055521713670307,0.0172100235149663,1.760040252669587,0.0,0.0055521713670307,0.0,0.0009941829102081,-4.363237850685229e-05,0.0606244218380354,0.4625126033166225,0.0001912440232894,699.39,28.698170723273275,0,0.0,0,0,0.0
Togo,TGO,1991,,,-0.0595978644311211,-0.775070464125905,1.1941666666666666,0.387081797870757,0.238,-5.139,0.037863296960543,0.0268018659357093,282.10690880882,-3.519,2262767860.10937,2.74,2.67109282645418,-0.59,591.939138361428,,14.592,,,,,,,,,,3.14203539075546,8.93,124.2399947521133,-0.0595978644311211,-0.0022565716391697,19.39166666666667,0.0,0.0,118.547746635559,-0.0022565716391697,-0.0015973339725374,,,,,,,,,62.4573407534626,,,,False,,,0.0,-0.0015973339725374,-0.029346723148545,-0.0207733346702304,0.0,-0.775070464125905,0.0,-0.029346723148545,,,0.0571476463138012,0.3990981883908845,0.0021637983029755,39.32,0.38221476012259,0,-0.0,0,0,-0.0
Togo,TGO,1992,,,-0.0828962751108572,-0.9716642309346012,1.0991666666666666,1.39378663675938,1.622,-4.826,0.037863296960543,0.0268018659357093,264.691800750579,-2.272,2390796915.91958,2.873,3.24543460439628,-3.207,607.946006940374,,12.647,,,,,,,,,,-18.002944411048,8.164,133.4772878892922,-0.0828962751108572,-0.0031387262814452,19.025,0.0,0.0,119.9469580334602,-0.0031387262814452,-0.0022217748520908,,,,,,,,,64.3490609806525,,,,False,0.0118029354214777,,0.0,-0.0022217748520908,-0.0367904113218145,-0.0260424144520332,0.0,-0.9716642309346012,0.0,-0.0367904113218145,-0.0022565716391697,,0.0237729730844122,0.4202906129962634,0.00090012313953,39.87,1.389086611429757,0,-0.0,0,0,-0.0
Togo,TGO,1993,,,0.0172871648143125,-0.8892070320380963,1.1183333333333334,-1.00688168855034,-0.089,-3.766,0.037863296960543,0.0268018659357093,283.162579500018,-8.459,1741944426.20894,2.189,-8.19677350934612,-16.319,448.033969931112,,14.786,,,,,,,,,,-16.1872669704681,0.201,138.9591934940388,0.0,0.0,16.849999999999998,0.0172871648143125,0.0006545490549701,113.8608702411655,0.0006545490549701,0.0004633282737617,,,,,,,,,66.2484245218916,,,,False,-0.0507398261037761,,0.0004633282737617,0.0,-0.0336683099134615,-0.023832407661775,0.0,-0.8892070320380963,0.0,-0.0336683099134615,-0.0031387262814452,-0.0022565716391697,0.0391319842297512,0.396084802070798,0.0014816659395463,39.46,-1.0336660798794028,0,0.0,0,0,0.0
Togo,TGO,1994,,7150863.0,0.222248963510401,1.4950211144350354,1.3966666666666665,39.1627673796795,35.259,-3.32,0.037863296960543,0.0268018659357093,555.204695655697,-5.372,1387662121.46736,1.697,35.8423813711266,13.93,355.429579368426,,13.191,,,,,,,,,,44.2897152293973,10.282,76.10458501712202,0.0,0.0,15.891666666666666,0.222248963510401,0.0084150785045672,78.99728740335684,0.0084150785045672,0.0059566869243561,,,,,,,,,67.9758134970225,,,,False,-0.3061945931377926,,0.0059566869243561,0.0,0.0566064284181358,0.0400693554801425,1.4950211144350354,0.0,0.0566064284181358,0.0,0.0006545490549701,-0.0031387262814452,-0.0246540126823049,0.4105678170613156,-0.0009334822034591,54.92,33.05900803053006,0,0.0,0,0,0.0
Togo,TGO,1995,,6011211.0,0.0259142887654703,1.180041698704018,1.4333333333333331,16.4335034524163,15.797,-5.444,0.037863296960543,0.0268018659357093,499.14842590131,-2.969,1849110468.19569,2.24,11.0842103567644,19.691,449.85596910209,,12.699,,,,,,,,,,22.2742526882181,10.21,79.66952793264618,0.0,0.0,17.175,0.0259142887654703,0.0009812004110482,109.0502486424571,0.0009812004110482,0.0006945512933113,,,,,,,,,69.8828203523109,,,,False,0.3804302935827544,,0.0006945512933113,0.0,0.0446802692638539,0.0316273194072117,1.180041698704018,0.0,0.0446802692638539,0.0,0.0084150785045672,0.0006545490549701,-0.0742450772516676,0.5103884940970569,-0.0028111634078383,63.94,15.206756273192568,0,0.0,0,0,0.0
Togo,TGO,1996,,15580702.0,0.0161479864079822,0.8815264538792391,1.4566666666666668,4.68749999999996,4.596,-6.286,0.037863296960543,0.0268018659357093,511.552430272516,-3.259,2069506014.46659,2.448,5.3879278063591,-3.871,482.27462715388,,12.383,,,,,,,,,,-6.34970425479864,8.34,80.74650129977054,0.0,0.0,20.425,0.0161479864079822,0.0006114160046802,93.58114587704284,0.0006114160046802,0.0004327961668383,,,,,,,,,71.9312285175105,,,,False,-0.1418529802360449,,0.0004327961668383,0.0,0.0333774979018041,0.0236265538356525,0.8815264538792391,0.0,0.0333774979018041,0.0,0.0009812004110482,0.0084150785045672,0.0898974209114555,0.5060119144911213,0.0034038127439573,66.94,4.585155215148529,0,0.0,0,0,0.0
Togo,TGO,1997,,14049525.0,0.1057608931619591,1.181717783132627,1.6191666666666666,8.25082508250802,5.307,-4.688,0.037863296960543,0.0268018659357093,583.669372353396,-0.983,2116818622.95834,2.494,2.03603454597328,3.803,476.890484883584,,10.599,,,,,,,,,,5.26232846562475,8.304,78.51011921733922,0.0,0.0,19.166666666666668,0.1057608931619591,0.0040044561046035,94.29180642159623,0.0040044561046035,0.0028345892797677,,,,,,,,,73.6127576083459,,,,False,0.0075940568785846,,0.0028345892797677,0.0,0.0447437313463053,0.0316722415973642,1.181717783132627,0.0,0.0447437313463053,0.0,0.0006114160046802,0.0009812004110482,-0.0150484099710244,0.4778125096326485,-0.0005697824155168,72.46,7.9237989683750065,0,0.0,0,0,0.0
Togo,TGO,1998,,8408291.0,0.0343989403952119,1.2938843190083755,1.6758333333333333,0.975338381088674,0.975,-5.935,0.037863296960543,0.0268018659357093,589.951774567332,-3.251,2241650112.33333,2.361,9.55663247337893,-2.263,492.493381462559,,12.767,,,,,,,,,,0.0652647765594907,10.703,84.99537559890776,0.0,0.0,13.066666666666668,0.0343989403952119,0.0013024572953119,98.26703196462316,0.0013024572953119,0.0009219557888029,,,,,,,,,74.755433058709,,,,False,0.0421587590044987,,0.0009219557888029,0.0,0.0489907262032041,0.034678514054379,1.2938843190083755,0.0,0.0489907262032041,0.0,0.0040044561046035,0.0006114160046802,0.0715628216471024,0.4876042746482255,0.0027096043673586,73.17,0.9750815429007352,0,0.0,0,0,0.0
Togo,TGO,1999,,8269074.0,-0.3896779030631943,-1.558798518646719,1.135,-0.0532136248823534,-0.053,-5.372,0.037863296960543,0.0268018659357093,615.473349319164,-1.756,2226577203.91399,2.37,1.11512719389448,2.54,477.217016566667,,11.905,,,,,,,,,,8.37978598391963,1.696,83.46886419920567,-0.3896779030631943,-0.0147544901626434,18.091666666666665,0.0,0.0,94.0751345697795,-0.0147544901626434,-0.010444094916008,,,,,,,,,76.391102265249,,,,False,-0.0426582273936265,,0.0,-0.010444094916008,-0.0590212512131753,-0.0417787089175516,0.0,-1.558798518646719,0.0,-0.0590212512131753,0.0013024572953119,0.0040044561046035,-0.2053324825201947,0.5368022025081163,-0.0077745647613076,73.13,-0.054682161307884,0,-0.0,0,0,-0.0
Togo,TGO,2000,,4651574.0,-0.2246130592935695,-1.3747722248362335,0.9066666666666668,1.86260595463067,1.863,-6.956,0.037863296960543,0.0268018659357093,710.207977031367,-3.446,2106848752.27753,2.014,10.0494567461461,-0.97,440.420399069497,,11.901,,,,,,,,,,15.3683736657952,3.674,81.64207058871793,-0.2246130592935695,-0.0085045909652484,28.23333333333333,0.0,0.0,89.84493555469592,-0.0085045909652484,-0.0060200491025957,,,,,,,,,78.9707207568715,,,,False,-0.0449661755407413,,0.0,-0.0060200491025957,-0.0520534090020808,-0.0368464608621975,0.0,-1.3747722248362335,0.0,-0.0520534090020808,-0.0147544901626434,0.0013024572953119,0.0851699534866394,0.5504658633469912,0.0032248152409802,74.49,1.842620890532576,0,-0.0,0,0,-0.0
Togo,TGO,2001,,4668175.0,0.163299874480846,-0.6175967524869918,1.0675,3.91959133653146,3.92,-8.465,0.037863296960543,0.0268018659357093,732.397693260228,-0.716,2093498674.49678,2.0,1.63405347420718,0.82,426.883605884489,,10.853,,,,,4.95,,,,,-9.06390585394999,2.6,84.21220386949275,0.0,0.0,24.34166666666667,0.163299874480846,0.0061830716410876,91.5078230442425,0.0061830716410876,0.0043767413431537,,,,,,,,,81.2025684592531,,,,False,0.0185084165209761,,0.0043767413431537,0.0,-0.0233842492412819,-0.0165527453624857,0.0,-0.6175967524869918,0.0,-0.0233842492412819,-0.0085045909652484,-0.0147544901626434,0.0766707334444198,0.4971579782978531,0.0029030067485887,77.41,3.845108302843681,0,0.0,0,0,0.0
Togo,TGO,2002,0.0283953493856642,7115826.0,0.5098884165746165,1.1961792687208084,1.7775,3.05981857535884,3.06,-6.091,0.037863296960543,0.0268018659357093,693.713226496374,-0.28,2410199032.43102,2.301,5.02785556565668,3.83,479.438373869587,,8.421,,,,,4.95,5.0,6.0,,,-2.68468350325594,9.518,86.96073978303033,0.0,0.0,24.933333333333334,0.5098884165746165,0.0193060565335058,94.89713311512376,0.0193060565335058,0.0136659609832039,,250598290.0,405330377.0,,0.2721470958099278,285062436.7666232,,,82.490466876552,,,,False,0.0370384734127331,,0.0136659609832039,0.0,0.0452912908696212,0.0320598363953298,1.1961792687208084,0.0,0.0452912908696212,0.0,0.0061830716410876,-0.0085045909652484,0.043814842279044,0.4867141797683448,0.0016589743844907,79.78,3.0156875260638927,0,0.0,0,0,0.0
Togo,TGO,2003,0.0216639852629944,10714356.0,-0.0151160176263501,1.039447246619466,1.7508333333333332,-0.930000884072214,-0.93,-5.686,0.037863296960543,0.0268018659357093,579.897426172466,1.435,2987984050.99318,2.854,-2.89310698803745,6.72,579.728195854724,,8.884,,,,,4.95,3.5,4.5,,,13.2657106909014,10.368,94.495839845139,-0.0151160176263501,-0.0005723422642472,28.916666666666668,0.0,0.0,98.29383398510292,-0.0005723422642472,-0.0004051374779032,,494569945.0,568376618.0,,0.3557403737301362,372440982.1303434,,,84.3630788186188,,,,False,0.0357935035388106,,0.0,-0.0004051374779032,0.0393568997735717,0.027859125751137,1.039447246619466,0.0,0.0393568997735717,0.0,0.0193060565335058,0.0061830716410876,0.0922984513720468,0.4989132948326338,0.003494723673298,79.04,-0.9318793037648376,0,-0.0,0,0,-0.0
Togo,TGO,2004,0.0636736575763768,24809770.0,-0.1218369341377534,0.3483493414015277,1.55,0.393078681031669,0.393,-6.799,0.037863296960543,0.0268018659357093,527.338032291576,0.61,3191561508.69088,3.048,-1.90788897317589,-0.98,604.311329116751,,10.56,,,,,4.95,3.0,4.0,,,18.6763377363183,9.787,98.04083811929884,-0.1218369341377534,-0.0046131480180198,37.73333333333333,0.0,0.0,99.0640439626255,-0.0046131480180198,-0.0032654571747779,,389639467.0,557827349.0,,0.2968662247053586,310848692.9133858,,,86.6216781201727,,,,False,0.0078357913848321,,0.0,-0.0032654571747779,0.0131896545594956,0.0093364123470363,0.3483493414015277,0.0,0.0131896545594956,0.0,-0.0005723422642472,0.0193060565335058,0.0364603401082863,0.5268656094428527,0.0013805086848024,79.35,0.3914393532805427,0,-0.0,0,0,-0.0
Togo,TGO,2005,0.0564306615585102,20309629.0,-0.0075553516444496,0.0052691144906505,1.538333333333333,6.78292893028314,6.783,-6.628,0.037863296960543,0.0268018659357093,527.258362649626,-1.666,3221910408.46516,3.08,5.87615776622891,-4.67,595.200212014134,63.083,13.25,7.6075,,,8.75583333333333,4.95,3.0,4.0,,,2.60286969395756,7.773,97.33369191997625,-0.0075553516444496,-0.0002860705229551,53.38333333333333,0.0,0.0,100.7238084671138,-0.0002860705229551,-0.0002024975218716,19.9,359904145.0,592615810.0,,0.2956382500572874,309259725.64935064,,,89.5605323721102,,,7.6075,False,0.0167544594193478,,0.0,-0.0002024975218716,0.0001995060466786,0.0001412221001783,0.0052691144906505,0.0,0.0001995060466786,0.0,-0.0046131480180198,-0.0005723422642472,0.0466713052969325,0.5010871027979699,0.0017671294919939,84.73,6.560128323795489,0,-0.0,0,0,-0.0
Togo,TGO,2006,,,0.0351286785485493,-0.4277234890696032,1.5933333333333335,2.22897779414027,2.229,-5.562,0.037863296960543,0.0268018659357093,522.425624895176,-1.945,3320907721.74508,3.173,-0.508763232978126,2.65,596.249203137762,67.744,14.73,7.82166666666667,,,4.73666666666667,4.95,3.25,4.25,,,23.8808491886964,8.185,97.026197153989,0.0,0.0,64.29166666666667,0.0351286785485493,0.0013300875877151,99.35997134473132,0.0013300875877151,0.0009415141329568,89.5,,,,,,,,92.4497050827274,,,7.82166666666667,False,-0.013540364916084,,0.0009415141329568,0.0,-0.0161950214836419,-0.0114637876115973,0.0,-0.4277234890696032,0.0,-0.0161950214836419,-0.0002860705229551,-0.0046131480180198,0.0668722669268504,0.4983471213725363,0.002532004501076,86.62,2.206100557610746,0,0.0,0,0,0.0
Togo,TGO,2007,0.0191528310191695,5363325.0,0.2032823448964489,1.566573075667569,1.9525,0.945673271705214,0.946,-5.746,0.037863296960543,0.0268018659357093,478.633718476363,-1.833,3759962853.26476,3.76,4.96375135329687,1.249,654.083697666439,70.504,13.694,7.81333333333333,,,4.75166666666667,4.66877516762555,3.25,4.25,,,10.6044386416701,13.039,100.0918884874943,0.0,0.0,71.125,0.2032823448964489,0.0076969397916497,99.78353845631516,0.0076969397916497,0.0054483461550112,96.1,280027793.0,787098470.0,,0.2838129802461795,283810176.32978725,,,95.0869923788515,,,7.81333333333333,False,0.004262955251006,,0.0054483461550112,0.0,0.0593156215743925,0.0419870815525339,1.566573075667569,0.0,0.0593156215743925,0.0,0.0013300875877151,-0.0002860705229551,-0.0487167385062576,0.4730573659334207,-0.0018445763370115,87.44,0.9422108081802882,0,0.0,0,0,0.0
Togo,TGO,2008,0.0253752995342476,16838050.737,0.2773859711995169,1.6514400008754295,2.5766666666666667,8.69482814363902,8.695,-4.867,0.037863296960543,0.0268018659357093,446.000041432788,-0.591,4578847112.70688,4.578,9.07423258687099,4.036,771.351190404751,67.309,12.391,8.12416666666667,,,4.98416666666667,5.3981227738243,3.75,4.75,,,24.8819450245735,12.219,103.0298982582219,0.0,0.0,96.99166666666667,0.2773859711995169,0.0105027474002159,104.5029543485536,0.0105027474002159,0.0074344616125359,104.3,663560669.078,1689261127.745,,0.5138458959010931,513940977.8993009,,,98.7374773853445,,,8.12416666666667,False,0.0472965377380818,,0.0074344616125359,0.0,0.0625289631656659,0.0442616735043309,1.6514400008754295,0.0,0.0625289631656659,0.0,0.0076969397916497,0.0013300875877151,0.0696786420191273,0.483645039456313,0.0026382631145775,95.05,8.345022506615507,0,0.0,0,0,0.0
Togo,TGO,2009,0.0466643182916169,34431715.067,0.1144715359777107,1.297066385192554,2.8891666666666667,3.71360592035809,1.94,-3.757,0.037863296960543,0.0268018659357093,470.293423341398,-2.626,4721888275.26937,4.717,3.11724269281331,5.454,770.172869777254,57.649,14.289,8.57916666666667,,,4.9775,4.76446864161477,3.25,4.25,,,14.4024814725102,10.735,104.8499647618039,0.0,0.0,61.75833333333333,0.1144715359777107,0.0043342697602535,105.3734801322427,0.0043342697602535,0.0030680507607293,105.3,737859596.53,1336640326.285,,0.4393369351155721,439792224.46788216,,,98.3864199710624,,,8.57916666666667,False,0.0083301547704153,,0.0030680507607293,0.0,0.0491112097200838,0.0347637993656459,1.297066385192554,0.0,0.0491112097200838,0.0,0.0105027474002159,0.0076969397916497,0.0334383288553787,0.4591740859156752,0.0012660853753154,98.57,3.6363886742909024,0,0.0,0,0,0.0
Togo,TGO,2010,0.0486251087016436,36049131.781,0.081395212785313,1.0956237748700806,3.1341666666666668,1.44594517430864,3.216,-3.617,0.037863296960543,0.0268018659357093,494.794262222947,-1.662,4746386893.22553,4.75,-0.0933183400535995,5.854,750.323421086121,33.454,15.089,8.38666666666667,,,5.11333333333333,4.15696306873915,3.25,4.25,,,14.7367829003732,12.224,100.0000000000001,0.0,0.0,79.03333333333333,0.081395212785313,0.0030818911128569,100.0,0.0030818911128569,0.0021815435808804,100.4,741368662.067,1350349240.807,,0.4406968816342149,440361663.7629474,,,100.0,,,8.38666666666667,False,-0.0509946157752314,,0.0021815435808804,0.0,0.041483928344937,0.0293647615300436,1.0956237748700806,0.0,0.041483928344937,0.0,0.0043342697602535,0.0105027474002159,0.0503936549154069,0.4466360243944612,0.0019080699209891,100.0,1.440323031074442,0,0.0,0,0,0.0
Togo,TGO,2011,0.0348126540180794,34497358.709,-0.0507197033422284,0.5830139577638375,2.9791666666666665,3.5635147290396,3.558,-4.903,0.037863296960543,0.0268018659357093,471.248625718937,-4.475,5422439152.10906,5.421,2.81959119100415,5.823,834.14671980279,36.977,18.206,8.50083333333333,,,5.25591666666667,4.11783590758085,3.25,4.25,,,17.2726328215895,15.001,101.5859714346663,-0.0507197033422284,-0.0019204151893974,103.99166666666667,0.0,0.0,100.7290391209067,-0.0019204151893974,-0.0013593826892773,99.8,990943083.256,1856364445.448,,0.525097183911513,525236585.2617598,,,103.156841568622,,,8.50083333333333,False,0.0072903912090671,,0.0,-0.0013593826892773,0.0220748306149537,0.0156258619346336,0.5830139577638375,0.0,0.0220748306149537,0.0,0.0030818911128569,0.0043342697602535,-0.022392514245551,0.4856084201187298,-0.0008478544165724,103.56,3.498096889524493,0,-0.0,0,0,-0.0
Togo,TGO,2012,0.0091740571204582,10213413.868,-0.2196531463744412,-1.3267103132643563,2.3916666666666666,2.57718174055848,2.639,-4.713,0.037863296960543,0.0268018659357093,510.556338454251,-4.635,5413541649.14901,5.417,1.75037449118827,6.303,813.611525037432,34.342,19.098,7.9925,,6.5,5.03916666666667,4.42818055503674,3.0,4.0,,,10.1293720826652,12.984,98.26347924415424,-0.2196531463744412,-0.0083167923094931,105.025,0.0,0.0,96.62551245135708,-0.0083167923094931,-0.0058871141814845,99.3,1113293032.068,1866514132.483,,0.5504358066626154,550084394.4159129,,,105.291504532867,,,7.9925,False,-0.0407382687789178,,0.0,-0.0058871141814845,-0.0502336265717434,-0.0355583119516341,0.0,-1.3267103132643563,0.0,-0.0502336265717434,-0.0019204151893974,0.0030818911128569,-0.0408772736886291,0.5126475628471345,-0.0015477483526099,106.23,2.5455399908585363,0,-0.0,0,0,-0.0
Togo,TGO,2013,0.0121162344151918,15630305.395,0.0193242728264028,-0.9853850885501096,2.438333333333333,1.82539475909162,1.763,-8.716,0.037863296960543,0.0268018659357093,493.899623852237,-5.083,6021729629.82454,6.022,1.68329044618704,5.824,885.698522723929,41.071,20.485,7.65416666666667,,6.5,5.2875,3.83250238263991,2.5,3.5,,,16.9426411309444,13.399,101.5434230464096,0.0,0.0,104.08333333333331,0.0193242728264028,0.0007316806805726,98.46498882900168,0.0007316806805726,0.0005179265695983,93.4,1290029959.754,2478630632.86,,0.6258435406911171,625815442.1477915,,,106.833848874866,,,7.65416666666667,False,0.0190371707324254,,0.0005179265695983,0.0,-0.0373099282282638,-0.026410159038367,0.0,-0.9853850885501096,0.0,-0.0373099282282638,-0.0083167923094931,-0.0019204151893974,-0.0209365687124982,0.5091967482581506,-0.0007927275184961,108.17,1.8097508850275723,0,0.0,0,0,0.0
Togo,TGO,2014,0.0310447253572091,29799697.854,0.2276446841950015,0.7301763555111299,3.061666666666667,0.19087507624975,0.187,-6.558,0.037863296960543,0.0268018659357093,493.757329875312,-7.115,6393314707.85456,6.395,0.479878463169484,5.633,921.539748631461,44.93,21.901,7.25833333333333,,6.5,5.33833333333333,4.13804792410338,2.5,3.5,,,3.62229387815256,15.819,105.7935200121052,0.0,0.0,96.24166666666667,0.2276446841950015,0.0086193782791643,99.7136603847855,0.0086193782791643,0.0061013023067713,91.7,959895683.119,2033269723.799,,0.4681711355833496,468047757.1412041,,,108.566932118964,,,7.25833333333333,False,0.0126813760975721,,0.0061013023067713,0.0,0.0276468841822849,0.0195700887898341,0.7301763555111299,0.0,0.0276468841822849,0.0,0.0007316806805726,-0.0083167923094931,0.0196424391309584,0.5264524429400053,0.0007437275058448,108.38,0.1939506495769904,0,0.0,0,0,0.0
Togo,TGO,2015,0.0313141572280642,24826589.524,0.0242012349301992,0.9373300204222236,3.1366666666666667,2.58500390801595,1.79,-7.469,0.037863296960543,0.0268018659357093,591.21169798261,-7.036,5755457836.01866,5.756,2.2027014975329,5.468,813.894676975085,52.382,22.891,6.99833333333333,,6.375,5.15416666666667,4.32725936147123,2.5,3.5,,,20.7785475642935,17.717,101.0038120300718,0.0,0.0,50.75,0.0242012349301992,0.000916338544974,93.98254648174832,0.000916338544974,0.0006486382540778,100.0,792823173.978,1878133855.428,,0.4640737723228003,464030060.7029187,,,108.695721960694,,,6.99833333333333,False,-0.0574757147708885,,0.0006486382540778,0.0,0.0354904049132785,0.025122193544872,0.9373300204222236,0.0,0.0354904049132785,0.0,0.0086193782791643,0.0007316806805726,-0.0377077351002572,0.5510878022168729,-0.0014277391718105,111.18,2.5506939387355487,0,0.0,0,0,0.0
Togo,TGO,2016,0.0145067324783392,11634245.222,-0.0816158537355205,0.3068761429613504,2.890833333333333,1.28544847051417,0.857,-7.192,0.037863296960543,0.0268018659357093,592.605615063022,-7.025,6071167584.1951,6.069,1.45775670689166,5.734,843.114204338675,59.909,22.903,6.925,,,5.295,4.60720563001472,2.5,4.5,,,12.3877282908383,12.965,104.4469455041128,-0.0816158537355205,-0.0030902453066762,42.80833333333334,0.0,0.0,94.99493669359477,-0.0030902453066762,-0.0021874571700478,104.0,801989368.686,1732404711.77,,0.4174475577076338,417596651.91234136,,,110.06700893427,,,6.925,False,0.010772108755779,,0.0,-0.0021874571700478,0.0116193425310516,0.0082248532425176,0.3068761429613504,0.0,0.0116193425310516,0.0,0.000916338544974,0.0086193782791643,0.0550494634158944,0.5217494320915921,0.0020843541808345,112.61,1.27800121836108,0,-0.0,0,0,-0.0
Togo,TGO,2017,0.0049976940085379,4333285.63,-0.3539196114530595,-1.4579152427567046,2.029166666666667,-0.981889868943119,-0.215,-1.513,0.037863296960543,0.0268018659357093,580.656749587858,-0.208,6387424239.8801,6.385,-0.884659427232194,4.008,872.076408845752,57.106,16.272,,,,,5.0910768518575,,,,,9.95699570871958,15.323,107.9664218971241,-0.3539196114530595,-0.0134005633486072,52.81666666666666,0.0,0.0,95.26152053417358,-0.0134005633486072,-0.0094857059781832,101.1,867057011.213,1635573221.637,,0.391805857707829,391954617.5176195,,,112.411557302308,,,,False,0.0028062952601219,,0.0,-0.0094857059781832,-0.0552014777797993,-0.0390748488819922,0.0,-1.4579152427567046,0.0,-0.0552014777797993,-0.0030902453066762,0.000916338544974,-0.0234374425052035,0.5736667424666486,-0.0008874188455701,111.5,-0.9905930808760566,0,-0.0,0,0,-0.0
Togo,TGO,2018,0.0056269437984383,5757595.595,0.1220177254078842,-0.7903235680404951,2.2925,0.927755426457183,0.928,-2.63,0.037863296960543,0.0268018659357093,555.446458398226,-0.591,7029215766.46367,7.032,0.452907938254626,4.795,942.480774393154,58.025,18.796,,,,,,,,,,9.33494749776415,16.506,111.6220168647932,0.0,0.0,68.35833333333333,0.1220177254078842,0.0046199933715687,96.5450174528316,0.0046199933715687,0.0032703027181623,100.4,1023218962.414,1733794314.757,,0.3922220299915515,392066734.5237486,,,115.157303224791,,,,False,0.013473403651977,,0.0032703027181623,0.0,-0.0299242559516332,-0.0211821463164527,0.0,-0.7903235680404951,0.0,-0.0299242559516332,-0.0134005633486072,-0.0030902453066762,0.1085859528429598,0.5481223938028289,0.0041114221782365,112.54,0.9284123104959184,0,0.0,0,0,0.0
Togo,TGO,2019,0.010613002195132,10728317.027,0.021220001403217,-0.4286396408196857,2.341666666666667,0.674652770077525,0.687,-0.793,0.037863296960543,0.0268018659357093,585.911013180369,1.666,6992942458.99419,6.993,0.0198866677059328,4.923,917.718016777619,54.933,16.565,,,,,,,,,,4.53167858210492,17.809,110.5210332842712,0.0,0.0,61.41666666666666,0.021220001403217,0.0008034592146331,93.95324885342932,0.0008034592146331,0.0005687356327645,101.3,1010865429.946,1789999724.947,,0.4005274133623937,400524117.6738167,,,117.244195476228,,,,False,-0.0268451823592918,,0.0005687356327645,0.0,-0.0162297100094162,-0.0114883421879798,0.0,-0.4286396408196857,0.0,-0.0162297100094162,0.0046199933715687,-0.0134005633486072,-0.0059041029666317,0.5519386964851021,-0.0002235488039111,113.3,0.6730454028827992,0,0.0,0,0,0.0
Togo,TGO,2020,0.0156756437883071,15341598.985,0.0123785842326397,-0.0451892785972113,2.370833333333333,1.69928463299399,1.842,-0.277,0.037863296960543,0.0268018659357093,575.586004510945,-6.956,7486031561.86885,7.497,2.94224256636319,2.156,961.219781201934,61.407,23.387,,,,,,,,,,11.5850928864143,20.802,113.7264313060983,0.0,0.0,41.25,0.0123785842326397,0.0004686940107515,95.85424400967317,0.0004686940107515,0.000331769155077,99.7,978690201.958,2155832859.958,,0.4187162498595561,418103649.7153528,,,118.690501577198,,,,False,0.0202334158684547,,0.000331769155077,0.0,-0.0017110150749589,-0.0012111569866938,0.0,-0.0451892785972113,0.0,-0.0017110150749589,0.0008034592146331,0.0046199933715687,0.0816484681703606,0.527820633880912,0.0030914801967078,115.22,1.6804176270276194,0,0.0,0,0,0.0
Togo,TGO,2021,0.0117273597610359,12427032.214,0.0232770627561453,0.8686551109659224,2.4266666666666667,4.1862150652352,4.54,-2.186,0.037863296960543,0.0268018659357093,554.530675033104,-4.54,8541668141.26198,8.546,4.55780831498707,5.136,1076.29520076949,63.287,21.257,,,,,,,,,,12.2797760765898,20.663,114.413204503891,0.0,0.0,69.08333333333333,0.0232770627561453,0.0008813463395051,97.72945959435,0.0008813463395051,0.0006238687153672,103.8,1059661549.336,2553355599.222,,0.4229873004670723,422772893.5827288,,,124.266413825838,,,,False,0.0195631983127173,,0.0006238687153672,0.0,0.0328901464227962,0.0232815778284773,0.8686551109659224,0.0,0.0328901464227962,0.0,0.0004686940107515,0.0008034592146331,-0.0727700687236918,0.5676159669866041,-0.0027553147219242,120.05,4.1064978363025695,0,0.0,0,0,0.0
Togo,TGO,2022,0.0132358701285257,17845403.6,-0.0138314791484619,0.5545894960353657,2.393333333333333,7.96757361617945,7.62,-3.279,0.037863296960543,0.0268018659357093,623.759700911182,-7.833,8646453099.4124,8.665,7.12146367434005,6.294,1071.61539220759,62.976,24.418,,,,,,,,,,15.3624655849792,23.99,111.3234529537457,-0.0138314791484619,-0.0005237054024017,97.1,0.0,0.0,95.648656162302,-0.0005237054024017,-0.0003707094498296,106.7,1348260705.697,2791486760.826,,0.4787798440500801,477755045.18442017,,,134.21120616846,,,,False,-0.021291465651042,,0.0,-0.0003707094498296,0.0209985867795849,0.0148640333220924,0.5545894960353657,0.0,0.0209985867795849,0.0,0.0008813463395051,0.0004686940107515,0.0335831137462907,0.5410531493857447,0.0012715674086354,129.61,7.662161876802109,0,-0.0,0,0,-0.0
Togo,TGO,2023,0.0200066642259938,29120868.876,0.3151563280040294,1.7834995632246495,3.28,5.48928568141131,5.302,-3.764,0.037863296960543,0.0268018659357093,606.569750165917,-6.283,9723300576.72675,9.725,2.97322929884109,6.198,1182.32951436696,64.059,24.815,,,,,,,,,,6.67641434676608,22.371,120.0730838683354,0.0,0.0,80.76666666666667,0.3151563280040294,0.0119328576362108,103.2898271894015,0.0119328576362108,0.0084467776519544,108.2,1455558435.282,3048896759.421,,0.4632640078498303,463183053.4398972,,,139.73579356326,,,,False,0.0798879078252132,,0.0084467776519544,0.0,0.0675291735913738,0.0478011161899431,1.7834995632246495,0.0,0.0675291735913738,0.0,-0.0005237054024017,0.0008813463395051,0.0255295083611937,0.4832922350134264,0.0009666313563365,136.73,5.347823688570674,0,0.0,0,0,0.0
Togo,TGO,2024,0.0648081007320676,88936623.495,0.8041320935025076,1.760040252669587,7.329999999999999,2.86262074089801,2.876,-2.436,0.037863296960543,0.0268018659357093,606.345297609063,-6.825,10643440332.2445,10.644,2.71878418150339,6.319,1266.08777721447,66.213,24.264,,,,,,,,,,8.65532235843912,23.575,125.820589829491,0.0,0.0,78.72500000000001,0.8041320935025076,0.0304470922517886,106.9029380353771,0.0304470922517886,0.0215522405646554,115.6,1372307203.735,2967928810.104,,0.4077850655760407,407763623.9984028,,,143.857336014608,,,,False,0.0349803164967086,,0.0215522405646554,0.0,0.0666409267493378,0.0471723628935021,1.760040252669587,0.0,0.0666409267493378,0.0,0.0119328576362108,-0.0005237054024017,0.0606244218380354,0.4625126033166225,0.0022954404871147,140.64,2.8195255615876214,0,0.0,0,0,0.0
